Workbook
Name SegmentaciónDeDatos_CATEGORIA: #N/A
Name SegmentaciónDeDatos_STATUS: #N/A

Sheet Hoja1
A2: ELECTRONICA | B2: =A2&"-"&COUNTIF($A$2:A2,A2) -> ELECTRONICA-1 | D2: =E2&"-"&COUNTIF($E$2:E2,E2) -> EL-1 | E2: EL
A3: ROPA | B3: =A3&"-"&COUNTIF($A$2:A3,A3) -> ROPA-1 | D3: =E3&"-"&COUNTIF($E$2:E3,E3) -> RO-1 | E3: RO
A4: ELECTRONICA | B4: =A4&"-"&COUNTIF($A$2:A4,A4) -> ELECTRONICA-2 | D4: =E4&"-"&COUNTIF($E$2:E4,E4) -> EL-2 | E4: EL
D5: =E5&"-"&COUNTIF($E$2:E5,E5) -> -0
A6: =B6&"-"&COUNTIF($B$6:B6,B6) -> EL-1 | B6: EL | D6: =E6&"-"&COUNTIF($E$2:E6,E6) -> -0
A7: =B7&"-"&COUNTIF($B$6:B7,B7) -> RO-1 | B7: RO | D7: =E7&"-"&COUNTIF($E$2:E7,E7) -> -0
A8: =B8&"-"&COUNTIF($B$6:B8,B8) -> EL-2 | B8: EL | D8: =E8&"-"&COUNTIF($E$2:E8,E8) -> -0
D9: =E9&"-"&COUNTIF($E$2:E9,E9) -> -0
D10: =E10&"-"&COUNTIF($E$2:E10,E10) -> -0
D11: =E11&"-"&COUNTIF($E$2:E11,E11) -> -0
D12: =E12&"-"&COUNTIF($E$2:E12,E12) -> -0
D13: =E13&"-"&COUNTIF($E$2:E13,E13) -> -0
D14: =E14&"-"&COUNTIF($E$2:E14,E14) -> -0

Sheet DATOS
A1: N° | B1: NOMBRES | C1: DNI | D1: CLASE | E1: CARGO
A2: 1 | B2: NAVARRO LOZANO, ANGEL JAROL | C2: 75396402 | D2: OBRERO | E2: PEON | J2: ERNESTO ACUACHI LANCHIPA
A3: 2 | B3: JEREMIAS PALOMINO, NORBERTO LEONCIO | C3: 44184914 | D3: OBRERO | E3: PEON | J3: NAVARRO LOZANO, ANGEL JAROL
A4: 3 | B4: LOZANO MALDONADO, HERNAN | C4: 40839932 | D4: OBRERO | E4: PEON
A5: 4 | B5: PIÑA CHUJANDAMA, KEVIN | C5: 70833343 | D5: OBRERO | E5: PEON
A6: 5 | B6: MAYTAHUARI ACOSTA, SAMMER AXEL | C6: 48492558 | D6: OBRERO | E6: OPERARIO
A7: 6 | B7: CORDOVA ANGULO, JUAN | C7: 40889884 | D7: OBRERO | E7: PEON
A8: 7 | B8: ROJAS SANDOVAL, JAVIER ELOY | C8: 40861767 | D8: OBRERO | E8: OPERARIO/VOLQUETERO
A9: 8 | B9: CHINO PILCO SIMON | C9: 00487377 | D9: OBRERO | E9: PEON/CHOFER
A10: 9 | B10: ACUACHI LANCHIPA ERNESTO ALONSO | C10: 41056694 | D10: PERSONAL NO CLAVE | E10: LOGISTICO
A11: 10 | B11: ALEJO CHARCA, DENNYS MIRIAM | D11: PERSONAL CLAVE | E11: ING. CALIDAD
A12: 11 | B12: SILVA BORDA, ARLETTE NINOSKA | D12: PERSONAL NO CLAVE | E12: ASIS. ING.
A13: 12 | B13: ADUVIRE ARGUATA, MARIO ARTURO | D13: OBRERO | E13: MAESTRO OBRA
A14: 13 | B14: SALAZAR BAZAN, ROCÍO DALILA | D14: PERSONAL CLAVE | E14: RESIDENTE
A15: 14 | B15: CHACON ORTIZ, JOSE ANTONIO | C15: 00515241 | D15: OBRERO | E15: CARPINTERO
A16: 15 | B16: ORDOÑEZ CONDORI, GILBERTO | C16: 44723682 | D16: OBRERO
A17: 16 | B17: VILLEGAS ROGER
A18: 17 | B18: GUTARATE SABINO, ADRIEL ANTONY | C18: 78202475 | D18: OBRERO | E18: OPERARIO
A19: 18 | B19: QUISPE LIMACHE, ROGELIO | C19: 44758063 | D19: OBRERO | E19: OPERARIO
A20: 19 | B20: APASTEGUI GRANDEZ, LUIS ALFREDO | C20: 46906026 | D20: OBRERO | E20: PEON
A21: 20 | B21: LOZA, GUILLERMO | D21: PERSONAL CLAVE | E21: TOPOGRAFO
A22: 21 | B22: CACERES CALACHUA, YEYSON JORGE | D22: OBRERO | E22: OPERARIO
A23: 22 | B23: ACOSTA ROJAS, JOSEPH ALFONSO | C23: 70522697 | D23: PERSONAL CLAVE | E23: REPRESENTANTE
A24: 23 | B24: TUANAMA PILCO, CRHIS | C24: 74367601 | D24: OBRERO | E24: PEON
A25: 24 | B25: YEANCARLO
A26: 25 | B26: MAQUERA QUISPE, LEONIDAS EDWIN | C26: 41058582 | D26: OBRERO | E26: OPERARIO
A27: 26 | B27: MOGROVEJO FALCON, OSMAR ADOLFO | C27: 61415253 | D27: PERSONAL CLAVE | E27: ING. SEGURIDAD
A28: 27 | B28: GUTARATE SABINO, RONEL | D28: OBRERO | E28: PEON
A29: 28 | B29: TACANAHUI CALISAYA, NESTOR | D29: OBRERO | E29: PEON
A30: 29 | B30: ROSAS CHACHAQUE, WILSON JHONY | C30: 44365799 | D30: OBRERO | E30: OPERARIO
A31: 30 | B31: OTROS
A32: 31 | B32: ACOSTA ROJAS, ERICK
A33: 32 | B33: GAMARRA CONDORI, ANGEL | C33: 47099079 | D33: OBRERO | E33: OPERARIO
A34: 33 | B34: QUISPE MAQUERA, MARCO ANTONIO | C34: 74808890 | D34: OBRERO | E34: PEON
A35: 34 | B35: PUMAYALLI LICONA, ENOCH | C35: 45366294 | D35: OBRERO | E35: PEON
A36: 35 | B36: CURMAYARI MANUYAMA, VICTOR RAUL | C36: 00082335 | D36: OBRERO | E36: OPERARIO
A37: 36 | B37: OLIVA TARAPA, TOMAS
A38: 37 | B38: MACHUCA NAVARRO, OMAR
A39: 38 | B39: CURMAYARI GUZMAN, JOFFRE
A40: 39 | B40: ESCOBAR ARBILDO, GOLBER
A41: 40 | B41: ESCOBAR ARBILDO, RUSBER
A42: 41 | B42: CHAVEZ MONTALICO, ISAAC
B43: NAVARRO LOZANO, MARCO MANUEL

Sheet PRODUCTOS
B1: GESTION DE INVENTARIO
B3: CONSORCIO FORTALEZA - FSA CONSTRUCTORA E.I.R.L
B5: LISTADO DE PRODUCTO
B6: 1 | C6: 2 | D6: 3 | E6: 4 | F6: 5 | G6: 6 | H6: 7 | I6: 8 | J6: 9 | K6: 10 | L6: 11 | M6: 12 | N6: 13 | O6: 14
B7: CODIGO | C7: PRODUCTO | D7: CATEGORIA | E7: CONCATENAR | F7: ALMACEN | G7: UNIDAD | H7: STATUS | I7: . | J7: STOCK MINIMO | K7: EXISTENCIA ACTUAL | L7: PROVIENE | M7: CONDICIÓN | N7: NRO REQUERIMIENTO | O7: AREA REQUERIMIENTO
B8: =E8&"-"&COUNTIF($E$8:E8,E8) -> IS-1 | C8: Pantalon jeans varon M/Jusbrend T/34 | D8: IMPLEMENTOS DE SEGURIDAD | E8: =IFERROR(VLOOKUP(D8,Hoja3!$A$2:$B$50,2,0),"") -> IS | F8: ALMACEN TICAPAMPA | G8: UNI | H8: =IF(Tabla1[[#This Row],[EXISTENCIA ACTUAL]]=0,"AGOTADO", IF(Tabla1[[#This Row],[EXISTENCIA ACTUAL]]<Tabla1[[#This Row],[STOCK MINIMO]],"MENOR AL MINIMO", "OK")) -> OK | I8: =IF(Tabla1[[#This Row],[EXISTENCIA ACTUAL]]=0,0, IF(Tabla1[[#This Row],[EXISTENCIA ACTUAL]]<Tabla1[[#This Row],[STOCK MINIMO]],1, 2)) -> 2 | J8: 2 | K8: =SUMIFS(Tabla2[CANTIDAD],Tabla2[PRODUCTO],Tabla1[[#This Row],[PRODUCTO]]) -> 4 | L8: COMPRA | M8: NUEVO | S8: 0 = Existencia actual AGOTADA
B9: =E9&"-"&COUNTIF($E$8:E9,E9) -> IS-2 | C9: Pantalon jeans varon M/Jusbrend T/32 | D9: IMPLEMENTOS DE SEGURIDAD | E9: =IFERROR(VLOOKUP(D9,Hoja3!$A$2:$B$50,2,0),"") -> IS | F9: ALMACEN TICAPAMPA | G9: UNI | H9: =IF(Tabla1[[#This Row],[EXISTENCIA ACTUAL]]=0,"AGOTADO", IF(Tabla1[[#This Row],[EXISTENCIA ACTUAL]]<Tabla1[[#This Row],[STOCK MINIMO]],"MENOR AL MINIMO", "OK")) -> OK | I9: =IF(Tabla1[[#This Row],[EXISTENCIA ACTUAL]]=0,0, IF(Tabla1[[#This Row],[EXISTENCIA ACTUAL]]<Tabla1[[#This Row],[STOCK MINIMO]],1, 2)) -> 2 | J9: 2 | K9: =SUMIFS(Tabla2[CANTIDAD],Tabla2[PRODUCTO],Tabla1[[#This Row],[PRODUCTO]]) -> 5 | L9: COMPRA | M9: NUEVO | S9: 1= Existencia actual < minima
B10: =E10&"-"&COUNTIF($E$8:E10,E10) -> IS-3 | C10: Pantalon jeans dama s/marca T/30 | D10: IMPLEMENTOS DE SEGURIDAD | E10: =IFERROR(VLOOKUP(D10,Hoja3!$A$2:$B$50,2,0),"") -> IS | F10: ALMACEN TICAPAMPA | G10: UNI | H10: =IF(Tabla1[[#This Row],[EXISTENCIA ACTUAL]]=0,"AGOTADO", IF(Tabla1[[#This Row],[EXISTENCIA ACTUAL]]<Tabla1[[#This Row],[STOCK MINIMO]],"MENOR AL MINIMO", "OK")) -> AGOTADO | I10: =IF(Tabla1[[#This Row],[EXISTENCIA ACTUAL]]=0,0, IF(Tabla1[[#This Row],[EXISTENCIA ACTUAL]]<Tabla1[[#This Row],[STOCK MINIMO]],1, 2)) -> 0 | J10: 2 | K10: =SUMIFS(Tabla2[CANTIDAD],Tabla2[PRODUCTO],Tabla1[[#This Row],[PRODUCTO]]) -> 0 | L10: COMPRA | M10: NUEVO | S10: 2= ninguna de las anteriores
B11: =E11&"-"&COUNTIF($E$8:E11,E11) -> IS-4 | C11: Pantalon jeans dama s/marca T/32 | D11: IMPLEMENTOS DE SEGURIDAD | E11: =IFERROR(VLOOKUP(D11,Hoja3!$A$2:$B$50,2,0),"") -> IS | F11: ALMACEN TICAPAMPA | G11: UNI | H11: =IF(Tabla1[[#This Row],[EXISTENCIA ACTUAL]]=0,"AGOTADO", IF(Tabla1[[#This Row],[EXISTENCIA ACTUAL]]<Tabla1[[#This Row],[STOCK MINIMO]],"MENOR AL MINIMO", "OK")) -> AGOTADO | I11: =IF(Tabla1[[#This Row],[EXISTENCIA ACTUAL]]=0,0, IF(Tabla1[[#This Row],[EXISTENCIA ACTUAL]]<Tabla1[[#This Row],[STOCK MINIMO]],1, 2)) -> 0 | J11: 2 | K11: =SUMIFS(Tabla2[CANTIDAD],Tabla2[PRODUCTO],Tabla1[[#This Row],[PRODUCTO]]) -> 0 | L11: COMPRA | M11: NUEVO
B12: =E12&"-"&COUNTIF($E$8:E12,E12) -> IS-5 | C12: Pantalon jeans dama s/maca T/34 | D12: IMPLEMENTOS DE SEGURIDAD | E12: =IFERROR(VLOOKUP(D12,Hoja3!$A$2:$B$50,2,0),"") -> IS | F12: ALMACEN TICAPAMPA | G12: UNI | H12: =IF(Tabla1[[#This Row],[EXISTENCIA ACTUAL]]=0,"AGOTADO", IF(Tabla1[[#This Row],[EXISTENCIA ACTUAL]]<Tabla1[[#This Row],[STOCK MINIMO]],"MENOR AL MINIMO", "OK")) -> AGOTADO | I12: =IF(Tabla1[[#This Row],[EXISTENCIA ACTUAL]]=0,0, IF(Tabla1[[#This Row],[EXISTENCIA ACTUAL]]<Tabla1[[#This Row],[STOCK MINIMO]],1, 2)) -> 0 | J12: 2 | K12: =SUMIFS(Tabla2[CANTIDAD],Tabla2[PRODUCTO],Tabla1[[#This Row],[PRODUCTO]]) -> 0 | L12: COMPRA | M12: NUEVO
B13: =E13&"-"&COUNTIF($E$8:E13,E13) -> IS-6 | C13: Chaleco Steel Power T/2XL | D13: IMPLEMENTOS DE SEGURIDAD | E13: =IFERROR(VLOOKUP(D13,Hoja3!$A$2:$B$50,2,0),"") -> IS | F13: ALMACEN TICAPAMPA | G13: UNI | H13: =IF(Tabla1[[#This Row],[EXISTENCIA ACTUAL]]=0,"AGOTADO", IF(Tabla1[[#This Row],[EXISTENCIA ACTUAL]]<Tabla1[[#This Row],[STOCK MINIMO]],"MENOR AL MINIMO", "OK")) -> AGOTADO | I13: =IF(Tabla1[[#This Row],[EXISTENCIA ACTUAL]]=0,0, IF(Tabla1[[#This Row],[EXISTENCIA ACTUAL]]<Tabla1[[#This Row],[STOCK MINIMO]],1, 2)) -> 0 | J13: 2 | K13: =SUMIFS(Tabla2[CANTIDAD],Tabla2[PRODUCTO],Tabla1[[#This Row],[PRODUCTO]]) -> 0 | L13: COMPRA | M13: NUEVO
B14: =E14&"-"&COUNTIF($E$8:E14,E14) -> IS-7 | C14: Chaleco Steel Power T/L | D14: IMPLEMENTOS DE SEGURIDAD | E14: =IFERROR(VLOOKUP(D14,Hoja3!$A$2:$B$50,2,0),"") -> IS | F14: ALMACEN TICAPAMPA | G14: UNI | H14: =IF(Tabla1[[#This Row],[EXISTENCIA ACTUAL]]=0,"AGOTADO", IF(Tabla1[[#This Row],[EXISTENCIA ACTUAL]]<Tabla1[[#This Row],[STOCK MINIMO]],"MENOR AL MINIMO", "OK")) -> AGOTADO | I14: =IF(Tabla1[[#This Row],[EXISTENCIA ACTUAL]]=0,0, IF(Tabla1[[#This Row],[EXISTENCIA ACTUAL]]<Tabla1[[#This Row],[STOCK MINIMO]],1, 2)) -> 0 | J14: 2 | K14: =SUMIFS(Tabla2[CANTIDAD],Tabla2[PRODUCTO],Tabla1[[#This Row],[PRODUCTO]]) -> 0 | L14: COMPRA | M14: NUEVO
B15: =E15&"-"&COUNTIF($E$8:E15,E15) -> IS-8 | C15: Chaleco Steel Power T/M | D15: IMPLEMENTOS DE SEGURIDAD | E15: =IFERROR(VLOOKUP(D15,Hoja3!$A$2:$B$50,2,0),"") -> IS | F15: ALMACEN TICAPAMPA | G15: UNI | H15: =IF(Tabla1[[#This Row],[EXISTENCIA ACTUAL]]=0,"AGOTADO", IF(Tabla1[[#This Row],[EXISTENCIA ACTUAL]]<Tabla1[[#This Row],[STOCK MINIMO]],"MENOR AL MINIMO", "OK")) -> AGOTADO | I15: =IF(Tabla1[[#This Row],[EXISTENCIA ACTUAL]]=0,0, IF(Tabla1[[#This Row],[EXISTENCIA ACTUAL]]<Tabla1[[#This Row],[STOCK MINIMO]],1, 2)) -> 0 | J15: 2 | K15: =SUMIFS(Tabla2[CANTIDAD],Tabla2[PRODUCTO],Tabla1[[#This Row],[PRODUCTO]]) -> 0 | L15: COMPRA | M15: NUEVO
B16: =E16&"-"&COUNTIF($E$8:E16,E16) -> IS-9 | C16: Camisa varon Fort Sport T/L | D16: IMPLEMENTOS DE SEGURIDAD | E16: =IFERROR(VLOOKUP(D16,Hoja3!$A$2:$B$50,2,0),"") -> IS | F16: ALMACEN TICAPAMPA | G16: UNI | H16: =IF(Tabla1[[#This Row],[EXISTENCIA ACTUAL]]=0,"AGOTADO", IF(Tabla1[[#This Row],[EXISTENCIA ACTUAL]]<Tabla1[[#This Row],[STOCK MINIMO]],"MENOR AL MINIMO", "OK")) -> AGOTADO | I16: =IF(Tabla1[[#This Row],[EXISTENCIA ACTUAL]]=0,0, IF(Tabla1[[#This Row],[EXISTENCIA ACTUAL]]<Tabla1[[#This Row],[STOCK MINIMO]],1, 2)) -> 0 | J16: 1 | K16: =SUMIFS(Tabla2[CANTIDAD],Tabla2[PRODUCTO],Tabla1[[#This Row],[PRODUCTO]]) -> 0 | L16: COMPRA | M16: NUEVO
B17: =E17&"-"&COUNTIF($E$8:E17,E17) -> IS-10 | C17: Camisa varon Fort Sport T/XL | D17: IMPLEMENTOS DE SEGURIDAD | E17: =IFERROR(VLOOKUP(D17,Hoja3!$A$2:$B$50,2,0),"") -> IS | F17: ALMACEN TICAPAMPA | G17: UNI | H17: =IF(Tabla1[[#This Row],[EXISTENCIA ACTUAL]]=0,"AGOTADO", IF(Tabla1[[#This Row],[EXISTENCIA ACTUAL]]<Tabla1[[#This Row],[STOCK MINIMO]],"MENOR AL MINIMO", "OK")) -> AGOTADO | I17: =IF(Tabla1[[#This Row],[EXISTENCIA ACTUAL]]=0,0, IF(Tabla1[[#This Row],[EXISTENCIA ACTUAL]]<Tabla1[[#This Row],[STOCK MINIMO]],1, 2)) -> 0 | J17: 1 | K17: =SUMIFS(Tabla2[CANTIDAD],Tabla2[PRODUCTO],Tabla1[[#This Row],[PRODUCTO]]) -> 0 | L17: COMPRA | M17: NUEVO
B18: =E18&"-"&COUNTIF($E$8:E18,E18) -> IS-11 | C18: Camisa dama Fort Sport T/M | D18: IMPLEMENTOS DE SEGURIDAD | E18: =IFERROR(VLOOKUP(D18,Hoja3!$A$2:$B$50,2,0),"") -> IS | F18: ALMACEN TICAPAMPA | G18: UNI | H18: =IF(Tabla1[[#This Row],[EXISTENCIA ACTUAL]]=0,"AGOTADO", IF(Tabla1[[#This Row],[EXISTENCIA ACTUAL]]<Tabla1[[#This Row],[STOCK MINIMO]],"MENOR AL MINIMO", "OK")) -> AGOTADO | I18: =IF(Tabla1[[#This Row],[EXISTENCIA ACTUAL]]=0,0, IF(Tabla1[[#This Row],[EXISTENCIA ACTUAL]]<Tabla1[[#This Row],[STOCK MINIMO]],1, 2)) -> 0 | J18: 1 | K18: =SUMIFS(Tabla2[CANTIDAD],Tabla2[PRODUCTO],Tabla1[[#This Row],[PRODUCTO]]) -> 0 | L18: COMPRA | M18: NUEVO
B19: =E19&"-"&COUNTIF($E$8:E19,E19) -> IS-12 | C19: Camisa dama Fort Sport T/L | D19: IMPLEMENTOS DE SEGURIDAD | E19: =IFERROR(VLOOKUP(D19,Hoja3!$A$2:$B$50,2,0),"") -> IS | F19: ALMACEN TICAPAMPA | G19: UNI | H19: =IF(Tabla1[[#This Row],[EXISTENCIA ACTUAL]]=0,"AGOTADO", IF(Tabla1[[#This Row],[EXISTENCIA ACTUAL]]<Tabla1[[#This Row],[STOCK MINIMO]],"MENOR AL MINIMO", "OK")) -> AGOTADO | I19: =IF(Tabla1[[#This Row],[EXISTENCIA ACTUAL]]=0,0, IF(Tabla1[[#This Row],[EXISTENCIA ACTUAL]]<Tabla1[[#This Row],[STOCK MINIMO]],1, 2)) -> 0 | J19: 1 | K19: =SUMIFS(Tabla2[CANTIDAD],Tabla2[PRODUCTO],Tabla1[[#This Row],[PRODUCTO]]) -> 0 | L19: COMPRA | M19: NUEVO
B20: =E20&"-"&COUNTIF($E$8:E20,E20) -> IS-13 | C20: Pantalon jeans varon m/Jusbrend T/36 | D20: IMPLEMENTOS DE SEGURIDAD | E20: =IFERROR(VLOOKUP(D20,Hoja3!$A$2:$B$50,2,0),"") -> IS | F20: ALMACEN TICAPAMPA | G20: UNI | H20: =IF(Tabla1[[#This Row],[EXISTENCIA ACTUAL]]=0,"AGOTADO", IF(Tabla1[[#This Row],[EXISTENCIA ACTUAL]]<Tabla1[[#This Row],[STOCK MINIMO]],"MENOR AL MINIMO", "OK")) -> OK | I20: =IF(Tabla1[[#This Row],[EXISTENCIA ACTUAL]]=0,0, IF(Tabla1[[#This Row],[EXISTENCIA ACTUAL]]<Tabla1[[#This Row],[STOCK MINIMO]],1, 2)) -> 2 | J20: 1 | K20: =SUMIFS(Tabla2[CANTIDAD],Tabla2[PRODUCTO],Tabla1[[#This Row],[PRODUCTO]]) -> 2 | L20: COMPRA | M20: NUEVO
B21: =E21&"-"&COUNTIF($E$8:E21,E21) -> IS-14 | C21: Cortaviento diferentes colores | D21: IMPLEMENTOS DE SEGURIDAD | E21: =IFERROR(VLOOKUP(D21,Hoja3!$A$2:$B$50,2,0),"") -> IS | F21: ALMACEN TICAPAMPA | G21: UNI | H21: =IF(Tabla1[[#This Row],[EXISTENCIA ACTUAL]]=0,"AGOTADO", IF(Tabla1[[#This Row],[EXISTENCIA ACTUAL]]<Tabla1[[#This Row],[STOCK MINIMO]],"MENOR AL MINIMO", "OK")) -> MENOR AL MINIMO | I21: =IF(Tabla1[[#This Row],[EXISTENCIA ACTUAL]]=0,0, IF(Tabla1[[#This Row],[EXISTENCIA ACTUAL]]<Tabla1[[#This Row],[STOCK MINIMO]],1, 2)) -> 1 | J21: 2 | K21: =SUMIFS(Tabla2[CANTIDAD],Tabla2[PRODUCTO],Tabla1[[#This Row],[PRODUCTO]]) -> 1 | L21: COMPRA | M21: NUEVO
B22: =E22&"-"&COUNTIF($E$8:E22,E22) -> IS-15 | C22: Zapato de seguridad Hunter T/40 | D22: IMPLEMENTOS DE SEGURIDAD | E22: =IFERROR(VLOOKUP(D22,Hoja3!$A$2:$B$50,2,0),"") -> IS | F22: ALMACEN TICAPAMPA | G22: PAR | H22: =IF(Tabla1[[#This Row],[EXISTENCIA ACTUAL]]=0,"AGOTADO", IF(Tabla1[[#This Row],[EXISTENCIA ACTUAL]]<Tabla1[[#This Row],[STOCK MINIMO]],"MENOR AL MINIMO", "OK")) -> AGOTADO | I22: =IF(Tabla1[[#This Row],[EXISTENCIA ACTUAL]]=0,0, IF(Tabla1[[#This Row],[EXISTENCIA ACTUAL]]<Tabla1[[#This Row],[STOCK MINIMO]],1, 2)) -> 0 | J22: 2 | K22: =SUMIFS(Tabla2[CANTIDAD],Tabla2[PRODUCTO],Tabla1[[#This Row],[PRODUCTO]]) -> 0 | L22: COMPRA | M22: NUEVO
... B128: =E128&"-"&COUNTIF($E$8:E128,E128) -> UE-55 | C128: Pizarra acrilica | D128: UTILES DE ESCRITORIO | E128: =IFERROR(VLOOKUP(D128,Hoja3!$A$2:$B$50,2,0),"") -> UE | F128: ALMACEN TICAPAMPA | G128: UNI | H128: =IF(Tabla1[[#This Row],[EXISTENCIA ACTUAL]]=0,"AGOTADO", IF(Tabla1[[#This Row],[EXISTENCIA ACTUAL]]<Tabla1[[#This Row],[STOCK MINIMO]],"MENOR AL MINIMO", "OK")) -> OK | I128: =IF(Tabla1[[#This Row],[EXISTENCIA ACTUAL]]=0,0, IF(Tabla1[[#This Row],[EXISTENCIA ACTUAL]]<Tabla1[[#This Row],[STOCK MINIMO]],1, 2)) -> 2 | J128: 1 | K128: =SUMIFS(Tabla2[CANTIDAD],Tabla2[PRODUCTO],Tabla1[[#This Row],[PRODUCTO]]) -> 1 | L128: COMPRA | M128: NUEVO
B129: =E129&"-"&COUNTIF($E$8:E129,E129) -> COM-1 | C129: Gasolina regular | D129: COMBUSTIBLE | E129: =IFERROR(VLOOKUP(D129,Hoja3!$A$2:$B$50,2,0),"") -> COM | F129: ALMACEN TICAPAMPA | G129: GLN | H129: =IF(Tabla1[[#This Row],[EXISTENCIA ACTUAL]]=0,"AGOTADO", IF(Tabla1[[#This Row],[EXISTENCIA ACTUAL]]<Tabla1[[#This Row],[STOCK MINIMO]],"MENOR AL MINIMO", "OK")) -> OK | I129: =IF(Tabla1[[#This Row],[EXISTENCIA ACTUAL]]=0,0, IF(Tabla1[[#This Row],[EXISTENCIA ACTUAL]]<Tabla1[[#This Row],[STOCK MINIMO]],1, 2)) -> 2 | J129: 1 | K129: =SUMIFS(Tabla2[CANTIDAD],Tabla2[PRODUCTO],Tabla1[[#This Row],[PRODUCTO]]) -> 5.623 | L129: COMPRA | M129: NUEVO | O129: CONSTRUCCION
B130: =E130&"-"&COUNTIF($E$8:E130,E130) -> IE-9 | C130: Grapas para pared | D130: INSTALACIONES ELECTRICAS | E130: =IFERROR(VLOOKUP(D130,Hoja3!$A$2:$B$50,2,0),"") -> IE | F130: ALMACEN TICAPAMPA | G130: BLS | H130: =IF(Tabla1[[#This Row],[EXISTENCIA ACTUAL]]=0,"AGOTADO", IF(Tabla1[[#This Row],[EXISTENCIA ACTUAL]]<Tabla1[[#This Row],[STOCK MINIMO]],"MENOR AL MINIMO", "OK")) -> AGOTADO | I130: =IF(Tabla1[[#This Row],[EXISTENCIA ACTUAL]]=0,0, IF(Tabla1[[#This Row],[EXISTENCIA ACTUAL]]<Tabla1[[#This Row],[STOCK MINIMO]],1, 2)) -> 0 | J130: 1 | K130: =SUMIFS(Tabla2[CANTIDAD],Tabla2[PRODUCTO],Tabla1[[#This Row],[PRODUCTO]]) -> 0 | L130: COMPRA | M130: NUEVO | O130: ELECTRICIDAD
B131: =E131&"-"&COUNTIF($E$8:E131,E131) -> HM-3 | C131: Disco de corte amoladora 71/16" kulkoni metal | D131: HERRAMIENTAS | E131: =IFERROR(VLOOKUP(D131,Hoja3!$A$2:$B$50,2,0),"") -> HM | F131: ALMACEN TICAPAMPA | G131: UNI | H131: =IF(Tabla1[[#This Row],[EXISTENCIA ACTUAL]]=0,"AGOTADO", IF(Tabla1[[#This Row],[EXISTENCIA ACTUAL]]<Tabla1[[#This Row],[STOCK MINIMO]],"MENOR AL MINIMO", "OK")) -> AGOTADO | I131: =IF(Tabla1[[#This Row],[EXISTENCIA ACTUAL]]=0,0, IF(Tabla1[[#This Row],[EXISTENCIA ACTUAL]]<Tabla1[[#This Row],[STOCK MINIMO]],1, 2)) -> 0 | J131: 5 | K131: =SUMIFS(Tabla2[CANTIDAD],Tabla2[PRODUCTO],Tabla1[[#This Row],[PRODUCTO]]) -> 0 | L131: COMPRA | M131: NUEVO
B132: =E132&"-"&COUNTIF($E$8:E132,E132) -> ISA-8 | C132: Llave de paso 1" | D132: INSTALACIONES SANITARIAS | E132: =IFERROR(VLOOKUP(D132,Hoja3!$A$2:$B$50,2,0),"") -> ISA | F132: ALMACEN TICAPAMPA | G132: UNI | H132: =IF(Tabla1[[#This Row],[EXISTENCIA ACTUAL]]=0,"AGOTADO", IF(Tabla1[[#This Row],[EXISTENCIA ACTUAL]]<Tabla1[[#This Row],[STOCK MINIMO]],"MENOR AL MINIMO", "OK")) -> OK | I132: =IF(Tabla1[[#This Row],[EXISTENCIA ACTUAL]]=0,0, IF(Tabla1[[#This Row],[EXISTENCIA ACTUAL]]<Tabla1[[#This Row],[STOCK MINIMO]],1, 2)) -> 2 | J132: 1 | K132: =SUMIFS(Tabla2[CANTIDAD],Tabla2[PRODUCTO],Tabla1[[#This Row],[PRODUCTO]]) -> 1 | L132: COMPRA | M132: NUEVO | O132: GASFITERIA
B133: =E133&"-"&COUNTIF($E$8:E133,E133) -> ISA-9 | C133: Pegamento Nicoll 1/16 | D133: INSTALACIONES SANITARIAS | E133: =IFERROR(VLOOKUP(D133,Hoja3!$A$2:$B$50,2,0),"") -> ISA | F133: ALMACEN TICAPAMPA | G133: UNI | H133: =IF(Tabla1[[#This Row],[EXISTENCIA ACTUAL]]=0,"AGOTADO", IF(Tabla1[[#This Row],[EXISTENCIA ACTUAL]]<Tabla1[[#This Row],[STOCK MINIMO]],"MENOR AL MINIMO", "OK")) -> AGOTADO | I133: =IF(Tabla1[[#This Row],[EXISTENCIA ACTUAL]]=0,0, IF(Tabla1[[#This Row],[EXISTENCIA ACTUAL]]<Tabla1[[#This Row],[STOCK MINIMO]],1, 2)) -> 0 | J133: 1 | K133: =SUMIFS(Tabla2[CANTIDAD],Tabla2[PRODUCTO],Tabla1[[#This Row],[PRODUCTO]]) -> 0 | L133: COMPRA | M133: NUEVO | O133: GASFITERIA
B134: =E134&"-"&COUNTIF($E$8:E291,E134) -> OTR-19 | C134: Bidones de agua 20 lt | D134: OTROS | E134: =IFERROR(VLOOKUP(D134,Hoja3!$A$2:$B$50,2,0),"") -> OTR | F134: ALMACEN TICAPAMPA | G134: UNI | H134: =IF(Tabla1[[#This Row],[EXISTENCIA ACTUAL]]=0,"AGOTADO", IF(Tabla1[[#This Row],[EXISTENCIA ACTUAL]]<Tabla1[[#This Row],[STOCK MINIMO]],"MENOR AL MINIMO", "OK")) -> MENOR AL MINIMO | I134: =IF(Tabla1[[#This Row],[EXISTENCIA ACTUAL]]=0,0, IF(Tabla1[[#This Row],[EXISTENCIA ACTUAL]]<Tabla1[[#This Row],[STOCK MINIMO]],1, 2)) -> 1 | J134: 3 | K134: =SUMIFS(Tabla2[CANTIDAD],Tabla2[PRODUCTO],Tabla1[[#This Row],[PRODUCTO]]) -> 1 | L134: ALMACEN CENTRAL
B135: =E135&"-"&COUNTIF($E$8:E135,E135) -> HM-4 | C135: Amoladora mano 9" Bosch, MD/3601HF40E0 2500W | D135: HERRAMIENTAS | E135: =IFERROR(VLOOKUP(D135,Hoja3!$A$2:$B$50,2,0),"") -> HM | F135: ALMACEN TICAPAMPA | G135: UNI | H135: =IF(Tabla1[[#This Row],[EXISTENCIA ACTUAL]]=0,"AGOTADO", IF(Tabla1[[#This Row],[EXISTENCIA ACTUAL]]<Tabla1[[#This Row],[STOCK MINIMO]],"MENOR AL MINIMO", "OK")) -> OK | I135: =IF(Tabla1[[#This Row],[EXISTENCIA ACTUAL]]=0,0, IF(Tabla1[[#This Row],[EXISTENCIA ACTUAL]]<Tabla1[[#This Row],[STOCK MINIMO]],1, 2)) -> 2 | J135: 1 | K135: =SUMIFS(Tabla2[CANTIDAD],Tabla2[PRODUCTO],Tabla1[[#This Row],[PRODUCTO]]) -> 1 | L135: COMPRA | M135: NUEVO
B136: =E136&"-"&COUNTIF($E$8:E136,E136) -> HM-5 | C136: Disco de corte amoladora 9" bosch | D136: HERRAMIENTAS | E136: =IFERROR(VLOOKUP(D136,Hoja3!$A$2:$B$50,2,0),"") -> HM | F136: ALMACEN TICAPAMPA | G136: UNI | H136: =IF(Tabla1[[#This Row],[EXISTENCIA ACTUAL]]=0,"AGOTADO", IF(Tabla1[[#This Row],[EXISTENCIA ACTUAL]]<Tabla1[[#This Row],[STOCK MINIMO]],"MENOR AL MINIMO", "OK")) -> MENOR AL MINIMO | I136: =IF(Tabla1[[#This Row],[EXISTENCIA ACTUAL]]=0,0, IF(Tabla1[[#This Row],[EXISTENCIA ACTUAL]]<Tabla1[[#This Row],[STOCK MINIMO]],1, 2)) -> 1 | J136: 5 | K136: =SUMIFS(Tabla2[CANTIDAD],Tabla2[PRODUCTO],Tabla1[[#This Row],[PRODUCTO]]) -> 1 | L136: COMPRA | M136: NUEVO
B137: =E137&"-"&COUNTIF($E$8:E137,E137) -> COM-2 | C137: Petroleo | D137: COMBUSTIBLE | E137: =IFERROR(VLOOKUP(D137,Hoja3!$A$2:$B$50,2,0),"") -> COM | F137: ALMACEN TICAPAMPA | G137: GLN | H137: =IF(Tabla1[[#This Row],[EXISTENCIA ACTUAL]]=0,"AGOTADO", IF(Tabla1[[#This Row],[EXISTENCIA ACTUAL]]<Tabla1[[#This Row],[STOCK MINIMO]],"MENOR AL MINIMO", "OK")) -> OK | I137: =IF(Tabla1[[#This Row],[EXISTENCIA ACTUAL]]=0,0, IF(Tabla1[[#This Row],[EXISTENCIA ACTUAL]]<Tabla1[[#This Row],[STOCK MINIMO]],1, 2)) -> 2 | J137: 450 | K137: =SUMIFS(Tabla2[CANTIDAD],Tabla2[PRODUCTO],Tabla1[[#This Row],[PRODUCTO]]) -> 1417 | L137: COMPRA | M137: NUEVO | O137: MAQUINARIA
B138: =E138&"-"&COUNTIF($E$8:E138,E138) -> IS-36 | C138: Poleras manga larga ploma | D138: IMPLEMENTOS DE SEGURIDAD | E138: =IFERROR(VLOOKUP(D138,Hoja3!$A$2:$B$50,2,0),"") -> IS | F138: ALMACEN TICAPAMPA | G138: UNI | H138: =IF(Tabla1[[#This Row],[EXISTENCIA ACTUAL]]=0,"AGOTADO", IF(Tabla1[[#This Row],[EXISTENCIA ACTUAL]]<Tabla1[[#This Row],[STOCK MINIMO]],"MENOR AL MINIMO", "OK")) -> MENOR AL MINIMO | I138: =IF(Tabla1[[#This Row],[EXISTENCIA ACTUAL]]=0,0, IF(Tabla1[[#This Row],[EXISTENCIA ACTUAL]]<Tabla1[[#This Row],[STOCK MINIMO]],1, 2)) -> 1 | J138: 5 | K138: =SUMIFS(Tabla2[CANTIDAD],Tabla2[PRODUCTO],Tabla1[[#This Row],[PRODUCTO]]) -> 4 | L138: COMPRA | M138: NUEVO
B139: =E139&"-"&COUNTIF($E$8:E139,E139) -> ISA-10 | C139: Reduccion tubo de 2 a 1" | D139: INSTALACIONES SANITARIAS | E139: =IFERROR(VLOOKUP(D139,Hoja3!$A$2:$B$50,2,0),"") -> ISA | F139: ALMACEN TICAPAMPA | G139: UNI | H139: =IF(Tabla1[[#This Row],[EXISTENCIA ACTUAL]]=0,"AGOTADO", IF(Tabla1[[#This Row],[EXISTENCIA ACTUAL]]<Tabla1[[#This Row],[STOCK MINIMO]],"MENOR AL MINIMO", "OK")) -> MENOR AL MINIMO | I139: =IF(Tabla1[[#This Row],[EXISTENCIA ACTUAL]]=0,0, IF(Tabla1[[#This Row],[EXISTENCIA ACTUAL]]<Tabla1[[#This Row],[STOCK MINIMO]],1, 2)) -> 1 | J139: 2 | K139: =SUMIFS(Tabla2[CANTIDAD],Tabla2[PRODUCTO],Tabla1[[#This Row],[PRODUCTO]]) -> 1 | L139: COMPRA | M139: NUEVO
B140: =E140&"-"&COUNTIF($E$8:E140,E140) -> HM-6 | C140: Tarraja de 1" | D140: HERRAMIENTAS | E140: =IFERROR(VLOOKUP(D140,Hoja3!$A$2:$B$50,2,0),"") -> HM | F140: ALMACEN TICAPAMPA | G140: UNI | H140: =IF(Tabla1[[#This Row],[EXISTENCIA ACTUAL]]=0,"AGOTADO", IF(Tabla1[[#This Row],[EXISTENCIA ACTUAL]]<Tabla1[[#This Row],[STOCK MINIMO]],"MENOR AL MINIMO", "OK")) -> OK | I140: =IF(Tabla1[[#This Row],[EXISTENCIA ACTUAL]]=0,0, IF(Tabla1[[#This Row],[EXISTENCIA ACTUAL]]<Tabla1[[#This Row],[STOCK MINIMO]],1, 2)) -> 2 | J140: 1 | K140: =SUMIFS(Tabla2[CANTIDAD],Tabla2[PRODUCTO],Tabla1[[#This Row],[PRODUCTO]]) -> 1 | L140: COMPRA | M140: NUEVO
B141: =E141&"-"&COUNTIF($E$8:E141,E141) -> OTR-5 | C141: Ocre | D141: OTROS | E141: =IFERROR(VLOOKUP(D141,Hoja3!$A$2:$B$50,2,0),"") -> OTR | F141: ALMACEN TICAPAMPA | G141: PQTE | H141: =IF(Tabla1[[#This Row],[EXISTENCIA ACTUAL]]=0,"AGOTADO", IF(Tabla1[[#This Row],[EXISTENCIA ACTUAL]]<Tabla1[[#This Row],[STOCK MINIMO]],"MENOR AL MINIMO", "OK")) -> OK | I141: =IF(Tabla1[[#This Row],[EXISTENCIA ACTUAL]]=0,0, IF(Tabla1[[#This Row],[EXISTENCIA ACTUAL]]<Tabla1[[#This Row],[STOCK MINIMO]],1, 2)) -> 2 | J141: 1 | K141: =SUMIFS(Tabla2[CANTIDAD],Tabla2[PRODUCTO],Tabla1[[#This Row],[PRODUCTO]]) -> 6 | L141: COMPRA
B142: =E142&"-"&COUNTIF($E$8:E142,E142) -> IE-10 | C142: Cable mellizo #12 por metros | D142: INSTALACIONES ELECTRICAS | E142: =IFERROR(VLOOKUP(D142,Hoja3!$A$2:$B$50,2,0),"") -> IE | F142: ALMACEN TICAPAMPA | G142: MT | H142: =IF(Tabla1[[#This Row],[EXISTENCIA ACTUAL]]=0,"AGOTADO", IF(Tabla1[[#This Row],[EXISTENCIA ACTUAL]]<Tabla1[[#This Row],[STOCK MINIMO]],"MENOR AL MINIMO", "OK")) -> OK | I142: =IF(Tabla1[[#This Row],[EXISTENCIA ACTUAL]]=0,0, IF(Tabla1[[#This Row],[EXISTENCIA ACTUAL]]<Tabla1[[#This Row],[STOCK MINIMO]],1, 2)) -> 2 | J142: 5 | K142: =SUMIFS(Tabla2[CANTIDAD],Tabla2[PRODUCTO],Tabla1[[#This Row],[PRODUCTO]]) -> 15 | L142: COMPRA
B143: =E143&"-"&COUNTIF($E$8:E143,E143) -> HM-7 | C143: Disco de corte madera para circular 6" | D143: HERRAMIENTAS | E143: =IFERROR(VLOOKUP(D143,Hoja3!$A$2:$B$50,2,0),"") -> HM | F143: ALMACEN TICAPAMPA | G143: UNI | H143: =IF(Tabla1[[#This Row],[EXISTENCIA ACTUAL]]=0,"AGOTADO", IF(Tabla1[[#This Row],[EXISTENCIA ACTUAL]]<Tabla1[[#This Row],[STOCK MINIMO]],"MENOR AL MINIMO", "OK")) -> OK | I143: =IF(Tabla1[[#This Row],[EXISTENCIA ACTUAL]]=0,0, IF(Tabla1[[#This Row],[EXISTENCIA ACTUAL]]<Tabla1[[#This Row],[STOCK MINIMO]],1, 2)) -> 2 | J143: 1 | K143: =SUMIFS(Tabla2[CANTIDAD],Tabla2[PRODUCTO],Tabla1[[#This Row],[PRODUCTO]]) -> 1 | L143: COMPRA
B144: =E144&"-"&COUNTIF($E$8:E144,E144) -> UE-56 | C144: hojas bond milleniun 75g | D144: UTILES DE ESCRITORIO | E144: =IFERROR(VLOOKUP(D144,Hoja3!$A$2:$B$50,2,0),"") -> UE | F144: ALMACEN TICAPAMPA | G144: PQTE | H144: =IF(Tabla1[[#This Row],[EXISTENCIA ACTUAL]]=0,"AGOTADO", IF(Tabla1[[#This Row],[EXISTENCIA ACTUAL]]<Tabla1[[#This Row],[STOCK MINIMO]],"MENOR AL MINIMO", "OK")) -> OK | I144: =IF(Tabla1[[#This Row],[EXISTENCIA ACTUAL]]=0,0, IF(Tabla1[[#This Row],[EXISTENCIA ACTUAL]]<Tabla1[[#This Row],[STOCK MINIMO]],1, 2)) -> 2 | J144: 2 | K144: =SUMIFS(Tabla2[CANTIDAD],Tabla2[PRODUCTO],Tabla1[[#This Row],[PRODUCTO]]) -> 22 | L144: COMPRA
B145: =E145&"-"&COUNTIF($E$8:E145,E145) -> HM-8 | C145: Manguera 1/2" | D145: HERRAMIENTAS | E145: =IFERROR(VLOOKUP(D145,Hoja3!$A$2:$B$50,2,0),"") -> HM | F145: ALMACEN TICAPAMPA | G145: MT | H145: =IF(Tabla1[[#This Row],[EXISTENCIA ACTUAL]]=0,"AGOTADO", IF(Tabla1[[#This Row],[EXISTENCIA ACTUAL]]<Tabla1[[#This Row],[STOCK MINIMO]],"MENOR AL MINIMO", "OK")) -> OK | I145: =IF(Tabla1[[#This Row],[EXISTENCIA ACTUAL]]=0,0, IF(Tabla1[[#This Row],[EXISTENCIA ACTUAL]]<Tabla1[[#This Row],[STOCK MINIMO]],1, 2)) -> 2 | J145: 10 | K145: =SUMIFS(Tabla2[CANTIDAD],Tabla2[PRODUCTO],Tabla1[[#This Row],[PRODUCTO]]) -> 100 | L145: COMPRA
B146: =E146&"-"&COUNTIF($E$8:E146,E146) -> HM-9 | C146: Manguera 1" | D146: HERRAMIENTAS | E146: =IFERROR(VLOOKUP(D146,Hoja3!$A$2:$B$50,2,0),"") -> HM | F146: ALMACEN TICAPAMPA | G146: MT | H146: =IF(Tabla1[[#This Row],[EXISTENCIA ACTUAL]]=0,"AGOTADO", IF(Tabla1[[#This Row],[EXISTENCIA ACTUAL]]<Tabla1[[#This Row],[STOCK MINIMO]],"MENOR AL MINIMO", "OK")) -> OK | I146: =IF(Tabla1[[#This Row],[EXISTENCIA ACTUAL]]=0,0, IF(Tabla1[[#This Row],[EXISTENCIA ACTUAL]]<Tabla1[[#This Row],[STOCK MINIMO]],1, 2)) -> 2 | J146: 5 | K146: =SUMIFS(Tabla2[CANTIDAD],Tabla2[PRODUCTO],Tabla1[[#This Row],[PRODUCTO]]) -> 50 | L146: COMPRA
B147: =E147&"-"&COUNTIF($E$8:E147,E147) -> HM-10 | C147: Manguera Nivel | D147: HERRAMIENTAS | E147: =IFERROR(VLOOKUP(D147,Hoja3!$A$2:$B$50,2,0),"") -> HM | F147: ALMACEN TICAPAMPA | G147: MT | H147: =IF(Tabla1[[#This Row],[EXISTENCIA ACTUAL]]=0,"AGOTADO", IF(Tabla1[[#This Row],[EXISTENCIA ACTUAL]]<Tabla1[[#This Row],[STOCK MINIMO]],"MENOR AL MINIMO", "OK")) -> OK | I147: =IF(Tabla1[[#This Row],[EXISTENCIA ACTUAL]]=0,0, IF(Tabla1[[#This Row],[EXISTENCIA ACTUAL]]<Tabla1[[#This Row],[STOCK MINIMO]],1, 2)) -> 2 | J147: 5 | K147: =SUMIFS(Tabla2[CANTIDAD],Tabla2[PRODUCTO],Tabla1[[#This Row],[PRODUCTO]]) -> 50 | L147: COMPRA
B148: =E148&"-"&COUNTIF($E$8:E148,E148) -> ULI-2 | C148: Saca sarro acido sapolio | D148: UTILES LIMPIEZA | E148: =IFERROR(VLOOKUP(D148,Hoja3!$A$2:$B$50,2,0),"") -> ULI | F148: ALMACEN TICAPAMPA | G148: GLN | H148: =IF(Tabla1[[#This Row],[EXISTENCIA ACTUAL]]=0,"AGOTADO", IF(Tabla1[[#This Row],[EXISTENCIA ACTUAL]]<Tabla1[[#This Row],[STOCK MINIMO]],"MENOR AL MINIMO", "OK")) -> OK | I148: =IF(Tabla1[[#This Row],[EXISTENCIA ACTUAL]]=0,0, IF(Tabla1[[#This Row],[EXISTENCIA ACTUAL]]<Tabla1[[#This Row],[STOCK MINIMO]],1, 2)) -> 2 | J148: 1 | K148: =SUMIFS(Tabla2[CANTIDAD],Tabla2[PRODUCTO],Tabla1[[#This Row],[PRODUCTO]]) -> 1 | L148: COMPRA
B149: =E149&"-"&COUNTIF($E$8:E149,E149) -> ULI-3 | C149: Cloro sapolio | D149: UTILES LIMPIEZA | E149: =IFERROR(VLOOKUP(D149,Hoja3!$A$2:$B$50,2,0),"") -> ULI | F149: ALMACEN TICAPAMPA | G149: LTS | H149: =IF(Tabla1[[#This Row],[EXISTENCIA ACTUAL]]=0,"AGOTADO", IF(Tabla1[[#This Row],[EXISTENCIA ACTUAL]]<Tabla1[[#This Row],[STOCK MINIMO]],"MENOR AL MINIMO", "OK")) -> OK | I149: =IF(Tabla1[[#This Row],[EXISTENCIA ACTUAL]]=0,0, IF(Tabla1[[#This Row],[EXISTENCIA ACTUAL]]<Tabla1[[#This Row],[STOCK MINIMO]],1, 2)) -> 2 | J149: 1 | K149: =SUMIFS(Tabla2[CANTIDAD],Tabla2[PRODUCTO],Tabla1[[#This Row],[PRODUCTO]]) -> 2 | L149: COMPRA
B150: =E150&"-"&COUNTIF($E$8:E150,E150) -> ULI-4 | C150: Jabon liquido | D150: UTILES LIMPIEZA | E150: =IFERROR(VLOOKUP(D150,Hoja3!$A$2:$B$50,2,0),"") -> ULI | F150: ALMACEN TICAPAMPA | G150: BT | H150: =IF(Tabla1[[#This Row],[EXISTENCIA ACTUAL]]=0,"AGOTADO", IF(Tabla1[[#This Row],[EXISTENCIA ACTUAL]]<Tabla1[[#This Row],[STOCK MINIMO]],"MENOR AL MINIMO", "OK")) -> OK | I150: =IF(Tabla1[[#This Row],[EXISTENCIA ACTUAL]]=0,0, IF(Tabla1[[#This Row],[EXISTENCIA ACTUAL]]<Tabla1[[#This Row],[STOCK MINIMO]],1, 2)) -> 2 | J150: 1 | K150: =SUMIFS(Tabla2[CANTIDAD],Tabla2[PRODUCTO],Tabla1[[#This Row],[PRODUCTO]]) -> 2 | L150: COMPRA
B151: =E151&"-"&COUNTIF($E$8:E151,E151) -> ULI-5 | C151: Acido extrafuerte | D151: UTILES LIMPIEZA | E151: =IFERROR(VLOOKUP(D151,Hoja3!$A$2:$B$50,2,0),"") -> ULI | F151: ALMACEN TICAPAMPA | G151: LTS | H151: =IF(Tabla1[[#This Row],[EXISTENCIA ACTUAL]]=0,"AGOTADO", IF(Tabla1[[#This Row],[EXISTENCIA ACTUAL]]<Tabla1[[#This Row],[STOCK MINIMO]],"MENOR AL MINIMO", "OK")) -> OK | I151: =IF(Tabla1[[#This Row],[EXISTENCIA ACTUAL]]=0,0, IF(Tabla1[[#This Row],[EXISTENCIA ACTUAL]]<Tabla1[[#This Row],[STOCK MINIMO]],1, 2)) -> 2 | J151: 1 | K151: =SUMIFS(Tabla2[CANTIDAD],Tabla2[PRODUCTO],Tabla1[[#This Row],[PRODUCTO]]) -> 3 | L151: COMPRA
B152: =E152&"-"&COUNTIF($E$8:E152,E152) -> ISA-11 | C152: Pegamento para tubo Oatey | D152: INSTALACIONES SANITARIAS | E152: =IFERROR(VLOOKUP(D152,Hoja3!$A$2:$B$50,2,0),"") -> ISA | F152: ALMACEN TICAPAMPA | G152: GLN | H152: =IF(Tabla1[[#This Row],[EXISTENCIA ACTUAL]]=0,"AGOTADO", IF(Tabla1[[#This Row],[EXISTENCIA ACTUAL]]<Tabla1[[#This Row],[STOCK MINIMO]],"MENOR AL MINIMO", "OK")) -> OK | I152: =IF(Tabla1[[#This Row],[EXISTENCIA ACTUAL]]=0,0, IF(Tabla1[[#This Row],[EXISTENCIA ACTUAL]]<Tabla1[[#This Row],[STOCK MINIMO]],1, 2)) -> 2 | J152: 1 | K152: =SUMIFS(Tabla2[CANTIDAD],Tabla2[PRODUCTO],Tabla1[[#This Row],[PRODUCTO]]) -> 1 | L152: COMPRA
B153: =E153&"-"&COUNTIF($E$8:E153,E153) -> HM-11 | C153: Arnes de seguridad | D153: HERRAMIENTAS | E153: =IFERROR(VLOOKUP(D153,Hoja3!$A$2:$B$50,2,0),"") -> HM | F153: ALMACEN TICAPAMPA | G153: UNI | H153: =IF(Tabla1[[#This Row],[EXISTENCIA ACTUAL]]=0,"AGOTADO", IF(Tabla1[[#This Row],[EXISTENCIA ACTUAL]]<Tabla1[[#This Row],[STOCK MINIMO]],"MENOR AL MINIMO", "OK")) -> OK | I153: =IF(Tabla1[[#This Row],[EXISTENCIA ACTUAL]]=0,0, IF(Tabla1[[#This Row],[EXISTENCIA ACTUAL]]<Tabla1[[#This Row],[STOCK MINIMO]],1, 2)) -> 2 | J153: 2 | K153: =SUMIFS(Tabla2[CANTIDAD],Tabla2[PRODUCTO],Tabla1[[#This Row],[PRODUCTO]]) -> 5 | L153: ALMACEN CENTRAL
B154: =E154&"-"&COUNTIF($E$8:E154,E154) -> IS-37 | C154: Pantalon jeans dama, s/marca T/28 | D154: IMPLEMENTOS DE SEGURIDAD | E154: =IFERROR(VLOOKUP(D154,Hoja3!$A$2:$B$50,2,0),"") -> IS | F154: ALMACEN TICAPAMPA | G154: UNI | H154: =IF(Tabla1[[#This Row],[EXISTENCIA ACTUAL]]=0,"AGOTADO", IF(Tabla1[[#This Row],[EXISTENCIA ACTUAL]]<Tabla1[[#This Row],[STOCK MINIMO]],"MENOR AL MINIMO", "OK")) -> AGOTADO | I154: =IF(Tabla1[[#This Row],[EXISTENCIA ACTUAL]]=0,0, IF(Tabla1[[#This Row],[EXISTENCIA ACTUAL]]<Tabla1[[#This Row],[STOCK MINIMO]],1, 2)) -> 0 | J154: 1 | K154: =SUMIFS(Tabla2[CANTIDAD],Tabla2[PRODUCTO],Tabla1[[#This Row],[PRODUCTO]]) -> 0 | L154: COMPRA | M154: NUEVO
B155: =E155&"-"&COUNTIF($E$8:E155,E155) -> IS-38 | C155: Cinta de seguridad No Pasar rojo | D155: IMPLEMENTOS DE SEGURIDAD | E155: =IFERROR(VLOOKUP(D155,Hoja3!$A$2:$B$50,2,0),"") -> IS | F155: ALMACEN TICAPAMPA | G155: UNI | H155: =IF(Tabla1[[#This Row],[EXISTENCIA ACTUAL]]=0,"AGOTADO", IF(Tabla1[[#This Row],[EXISTENCIA ACTUAL]]<Tabla1[[#This Row],[STOCK MINIMO]],"MENOR AL MINIMO", "OK")) -> OK | I155: =IF(Tabla1[[#This Row],[EXISTENCIA ACTUAL]]=0,0, IF(Tabla1[[#This Row],[EXISTENCIA ACTUAL]]<Tabla1[[#This Row],[STOCK MINIMO]],1, 2)) -> 2 | J155: 1 | K155: =SUMIFS(Tabla2[CANTIDAD],Tabla2[PRODUCTO],Tabla1[[#This Row],[PRODUCTO]]) -> 1 | L155: ALMACEN CENTRAL | M155: NUEVO
B156: =E156&"-"&COUNTIF($E$8:E156,E156) -> IS-39 | C156: Extintor 9kg | D156: IMPLEMENTOS DE SEGURIDAD | E156: =IFERROR(VLOOKUP(D156,Hoja3!$A$2:$B$50,2,0),"") -> IS | F156: ALMACEN TICAPAMPA | G156: UNI | H156: =IF(Tabla1[[#This Row],[EXISTENCIA ACTUAL]]=0,"AGOTADO", IF(Tabla1[[#This Row],[EXISTENCIA ACTUAL]]<Tabla1[[#This Row],[STOCK MINIMO]],"MENOR AL MINIMO", "OK")) -> OK | I156: =IF(Tabla1[[#This Row],[EXISTENCIA ACTUAL]]=0,0, IF(Tabla1[[#This Row],[EXISTENCIA ACTUAL]]<Tabla1[[#This Row],[STOCK MINIMO]],1, 2)) -> 2 | J156: 1 | K156: =SUMIFS(Tabla2[CANTIDAD],Tabla2[PRODUCTO],Tabla1[[#This Row],[PRODUCTO]]) -> 2 | L156: ALMACEN CENTRAL | M156: NUEVO
B157: =E157&"-"&COUNTIF($E$8:E157,E157) -> HM-12 | C157: Juegos de dados M/Stanley | D157: HERRAMIENTAS | E157: =IFERROR(VLOOKUP(D157,Hoja3!$A$2:$B$50,2,0),"") -> HM | F157: ALMACEN TICAPAMPA | G157: UNI | H157: =IF(Tabla1[[#This Row],[EXISTENCIA ACTUAL]]=0,"AGOTADO", IF(Tabla1[[#This Row],[EXISTENCIA ACTUAL]]<Tabla1[[#This Row],[STOCK MINIMO]],"MENOR AL MINIMO", "OK")) -> OK | I157: =IF(Tabla1[[#This Row],[EXISTENCIA ACTUAL]]=0,0, IF(Tabla1[[#This Row],[EXISTENCIA ACTUAL]]<Tabla1[[#This Row],[STOCK MINIMO]],1, 2)) -> 2 | J157: 1 | K157: =SUMIFS(Tabla2[CANTIDAD],Tabla2[PRODUCTO],Tabla1[[#This Row],[PRODUCTO]]) -> 1 | L157: COMPRA | M157: NUEVO
B158: =E158&"-"&COUNTIF($E$8:E158,E158) -> HM-13 | C158: Juego de exagonales M/Stanley | D158: HERRAMIENTAS | E158: =IFERROR(VLOOKUP(D158,Hoja3!$A$2:$B$50,2,0),"") -> HM | F158: ALMACEN TICAPAMPA | G158: UNI | H158: =IF(Tabla1[[#This Row],[EXISTENCIA ACTUAL]]=0,"AGOTADO", IF(Tabla1[[#This Row],[EXISTENCIA ACTUAL]]<Tabla1[[#This Row],[STOCK MINIMO]],"MENOR AL MINIMO", "OK")) -> OK | I158: =IF(Tabla1[[#This Row],[EXISTENCIA ACTUAL]]=0,0, IF(Tabla1[[#This Row],[EXISTENCIA ACTUAL]]<Tabla1[[#This Row],[STOCK MINIMO]],1, 2)) -> 2 | J158: 1 | K158: =SUMIFS(Tabla2[CANTIDAD],Tabla2[PRODUCTO],Tabla1[[#This Row],[PRODUCTO]]) -> 2 | L158: COMPRA | M158: NUEVO
B159: =E159&"-"&COUNTIF($E$8:E159,E159) -> UTC-3 | C159: Frazadas | D159: UTILES DE CAMA | E159: =IFERROR(VLOOKUP(D159,Hoja3!$A$2:$B$50,2,0),"") -> UTC | F159: ALMACEN TICAPAMPA | G159: UNI | H159: =IF(Tabla1[[#This Row],[EXISTENCIA ACTUAL]]=0,"AGOTADO", IF(Tabla1[[#This Row],[EXISTENCIA ACTUAL]]<Tabla1[[#This Row],[STOCK MINIMO]],"MENOR AL MINIMO", "OK")) -> OK | I159: =IF(Tabla1[[#This Row],[EXISTENCIA ACTUAL]]=0,0, IF(Tabla1[[#This Row],[EXISTENCIA ACTUAL]]<Tabla1[[#This Row],[STOCK MINIMO]],1, 2)) -> 2 | J159: 2 | K159: =SUMIFS(Tabla2[CANTIDAD],Tabla2[PRODUCTO],Tabla1[[#This Row],[PRODUCTO]]) -> 33 | L159: COMPRA | M159: NUEVO
B160: =E160&"-"&COUNTIF($E$8:E160,E160) -> UTC-4 | C160: sabanas | D160: UTILES DE CAMA | E160: =IFERROR(VLOOKUP(D160,Hoja3!$A$2:$B$50,2,0),"") -> UTC | F160: ALMACEN TICAPAMPA | G160: UNI | H160: =IF(Tabla1[[#This Row],[EXISTENCIA ACTUAL]]=0,"AGOTADO", IF(Tabla1[[#This Row],[EXISTENCIA ACTUAL]]<Tabla1[[#This Row],[STOCK MINIMO]],"MENOR AL MINIMO", "OK")) -> OK | I160: =IF(Tabla1[[#This Row],[EXISTENCIA ACTUAL]]=0,0, IF(Tabla1[[#This Row],[EXISTENCIA ACTUAL]]<Tabla1[[#This Row],[STOCK MINIMO]],1, 2)) -> 2 | J160: 2 | K160: =SUMIFS(Tabla2[CANTIDAD],Tabla2[PRODUCTO],Tabla1[[#This Row],[PRODUCTO]]) -> 16 | L160: COMPRA | M160: NUEVO
B161: =E161&"-"&COUNTIF($E$8:E161,E161) -> AF-3 | C161: Barra construccion ASTM grado 60 1/2" x 9m | D161: ALAMBRES Y FIERROS | E161: =IFERROR(VLOOKUP(D161,Hoja3!$A$2:$B$50,2,0),"") -> AF | F161: ALMACEN TICAPAMPA | G161: UNI | H161: =IF(Tabla1[[#This Row],[EXISTENCIA ACTUAL]]=0,"AGOTADO", IF(Tabla1[[#This Row],[EXISTENCIA ACTUAL]]<Tabla1[[#This Row],[STOCK MINIMO]],"MENOR AL MINIMO", "OK")) -> OK | I161: =IF(Tabla1[[#This Row],[EXISTENCIA ACTUAL]]=0,0, IF(Tabla1[[#This Row],[EXISTENCIA ACTUAL]]<Tabla1[[#This Row],[STOCK MINIMO]],1, 2)) -> 2 | J161: 50 | K161: =SUMIFS(Tabla2[CANTIDAD],Tabla2[PRODUCTO],Tabla1[[#This Row],[PRODUCTO]]) -> 2350 | L161: COMPRA | M161: NUEVO | O161: FIERRERIA
B162: =E162&"-"&COUNTIF($E$8:E162,E162) -> AF-4 | C162: Barra construccion ASTM grado 60 5/8" x 9m | D162: ALAMBRES Y FIERROS | E162: =IFERROR(VLOOKUP(D162,Hoja3!$A$2:$B$50,2,0),"") -> AF | F162: ALMACEN TICAPAMPA | G162: UNI | H162: =IF(Tabla1[[#This Row],[EXISTENCIA ACTUAL]]=0,"AGOTADO", IF(Tabla1[[#This Row],[EXISTENCIA ACTUAL]]<Tabla1[[#This Row],[STOCK MINIMO]],"MENOR AL MINIMO", "OK")) -> OK | I162: =IF(Tabla1[[#This Row],[EXISTENCIA ACTUAL]]=0,0, IF(Tabla1[[#This Row],[EXISTENCIA ACTUAL]]<Tabla1[[#This Row],[STOCK MINIMO]],1, 2)) -> 2 | J162: 50 | K162: =SUMIFS(Tabla2[CANTIDAD],Tabla2[PRODUCTO],Tabla1[[#This Row],[PRODUCTO]]) -> 1783 | L162: COMPRA | M162: NUEVO | O162: fierreria
B163: =E163&"-"&COUNTIF($E$8:E163,E163) -> AF-5 | C163: barra construccion ASTM grado 60 3/8" x 9m | D163: ALAMBRES Y FIERROS | E163: =IFERROR(VLOOKUP(D163,Hoja3!$A$2:$B$50,2,0),"") -> AF | F163: ALMACEN TICAPAMPA | G163: UNI | H163: =IF(Tabla1[[#This Row],[EXISTENCIA ACTUAL]]=0,"AGOTADO", IF(Tabla1[[#This Row],[EXISTENCIA ACTUAL]]<Tabla1[[#This Row],[STOCK MINIMO]],"MENOR AL MINIMO", "OK")) -> OK | I163: =IF(Tabla1[[#This Row],[EXISTENCIA ACTUAL]]=0,0, IF(Tabla1[[#This Row],[EXISTENCIA ACTUAL]]<Tabla1[[#This Row],[STOCK MINIMO]],1, 2)) -> 2 | J163: 50 | K163: =SUMIFS(Tabla2[CANTIDAD],Tabla2[PRODUCTO],Tabla1[[#This Row],[PRODUCTO]]) -> 2424 | L163: COMPRA | M163: NUEVO | O163: FIERRERIA
B164: =E164&"-"&COUNTIF($E$8:E164,E164) -> AGU-1 | C164: Agua Vital 20lt | D164: AGUA | E164: =IFERROR(VLOOKUP(D164,Hoja3!$A$2:$B$50,2,0),"") -> AGU | F164: ALMACEN TICAPAMPA | G164: UNI | H164: =IF(Tabla1[[#This Row],[EXISTENCIA ACTUAL]]=0,"AGOTADO", IF(Tabla1[[#This Row],[EXISTENCIA ACTUAL]]<Tabla1[[#This Row],[STOCK MINIMO]],"MENOR AL MINIMO", "OK")) -> OK | I164: =IF(Tabla1[[#This Row],[EXISTENCIA ACTUAL]]=0,0, IF(Tabla1[[#This Row],[EXISTENCIA ACTUAL]]<Tabla1[[#This Row],[STOCK MINIMO]],1, 2)) -> 2 | J164: 5 | K164: =SUMIFS(Tabla2[CANTIDAD],Tabla2[PRODUCTO],Tabla1[[#This Row],[PRODUCTO]]) -> 9 | L164: COMPRA | M164: NUEVO | O164: ALMACEN
B165: =E165&"-"&COUNTIF($E$8:E165,E165) -> OTR-6 | C165: Llanta 160/157k | D165: OTROS | E165: =IFERROR(VLOOKUP(D165,Hoja3!$A$2:$B$50,2,0),"") -> OTR | F165: ALMACEN TICAPAMPA | G165: UNI | H165: =IF(Tabla1[[#This Row],[EXISTENCIA ACTUAL]]=0,"AGOTADO", IF(Tabla1[[#This Row],[EXISTENCIA ACTUAL]]<Tabla1[[#This Row],[STOCK MINIMO]],"MENOR AL MINIMO", "OK")) -> OK | I165: =IF(Tabla1[[#This Row],[EXISTENCIA ACTUAL]]=0,0, IF(Tabla1[[#This Row],[EXISTENCIA ACTUAL]]<Tabla1[[#This Row],[STOCK MINIMO]],1, 2)) -> 2 | J165: 1 | K165: =SUMIFS(Tabla2[CANTIDAD],Tabla2[PRODUCTO],Tabla1[[#This Row],[PRODUCTO]]) -> 2 | L165: COMPRA | M165: NUEVO | O165: ALMACEN
B166: =E166&"-"&COUNTIF($E$8:E166,E166) -> CAR-2 | C166: Esparragos para encofrado | D166: CARPINTERIA | E166: =IFERROR(VLOOKUP(D166,Hoja3!$A$2:$B$50,2,0),"") -> CAR | F166: ALMACEN TICAPAMPA | G166: UNI | H166: =IF(Tabla1[[#This Row],[EXISTENCIA ACTUAL]]=0,"AGOTADO", IF(Tabla1[[#This Row],[EXISTENCIA ACTUAL]]<Tabla1[[#This Row],[STOCK MINIMO]],"MENOR AL MINIMO", "OK")) -> OK | I166: =IF(Tabla1[[#This Row],[EXISTENCIA ACTUAL]]=0,0, IF(Tabla1[[#This Row],[EXISTENCIA ACTUAL]]<Tabla1[[#This Row],[STOCK MINIMO]],1, 2)) -> 2 | J166: 10 | K166: =SUMIFS(Tabla2[CANTIDAD],Tabla2[PRODUCTO],Tabla1[[#This Row],[PRODUCTO]]) -> 50 | L166: COMPRA | M166: NUEVO | O166: CARPINTERIA
B167: =E167&"-"&COUNTIF($E$8:E167,E167) -> UE-57 | C167: Archivador | D167: UTILES DE ESCRITORIO | E167: =IFERROR(VLOOKUP(D167,Hoja3!$A$2:$B$50,2,0),"") -> UE | F167: ALMACEN TICAPAMPA | G167: UNI | H167: =IF(Tabla1[[#This Row],[EXISTENCIA ACTUAL]]=0,"AGOTADO", IF(Tabla1[[#This Row],[EXISTENCIA ACTUAL]]<Tabla1[[#This Row],[STOCK MINIMO]],"MENOR AL MINIMO", "OK")) -> OK | I167: =IF(Tabla1[[#This Row],[EXISTENCIA ACTUAL]]=0,0, IF(Tabla1[[#This Row],[EXISTENCIA ACTUAL]]<Tabla1[[#This Row],[STOCK MINIMO]],1, 2)) -> 2 | J167: 5 | K167: =SUMIFS(Tabla2[CANTIDAD],Tabla2[PRODUCTO],Tabla1[[#This Row],[PRODUCTO]]) -> 13 | L167: COMPRA | M167: NUEVO | O167: RESIDENCIA
B168: =E168&"-"&COUNTIF($E$8:E168,E168) -> OTR-7 | C168: Soga de vida | D168: OTROS | E168: =IFERROR(VLOOKUP(D168,Hoja3!$A$2:$B$50,2,0),"") -> OTR | F168: ALMACEN TICAPAMPA | G168: MT | H168: =IF(Tabla1[[#This Row],[EXISTENCIA ACTUAL]]=0,"AGOTADO", IF(Tabla1[[#This Row],[EXISTENCIA ACTUAL]]<Tabla1[[#This Row],[STOCK MINIMO]],"MENOR AL MINIMO", "OK")) -> OK | I168: =IF(Tabla1[[#This Row],[EXISTENCIA ACTUAL]]=0,0, IF(Tabla1[[#This Row],[EXISTENCIA ACTUAL]]<Tabla1[[#This Row],[STOCK MINIMO]],1, 2)) -> 2 | J168: 5 | K168: =SUMIFS(Tabla2[CANTIDAD],Tabla2[PRODUCTO],Tabla1[[#This Row],[PRODUCTO]]) -> 50 | L168: COMPRA | M168: NUEVO
B169: =E169&"-"&COUNTIF($E$8:E169,E169) -> HM-14 | C169: Compactadora M/Kohler | D169: HERRAMIENTAS | E169: =IFERROR(VLOOKUP(D169,Hoja3!$A$2:$B$50,2,0),"") -> HM | F169: ALMACEN TICAPAMPA | G169: UNI | H169: =IF(Tabla1[[#This Row],[EXISTENCIA ACTUAL]]=0,"AGOTADO", IF(Tabla1[[#This Row],[EXISTENCIA ACTUAL]]<Tabla1[[#This Row],[STOCK MINIMO]],"MENOR AL MINIMO", "OK")) -> OK | I169: =IF(Tabla1[[#This Row],[EXISTENCIA ACTUAL]]=0,0, IF(Tabla1[[#This Row],[EXISTENCIA ACTUAL]]<Tabla1[[#This Row],[STOCK MINIMO]],1, 2)) -> 2 | J169: 1 | K169: =SUMIFS(Tabla2[CANTIDAD],Tabla2[PRODUCTO],Tabla1[[#This Row],[PRODUCTO]]) -> 1 | L169: ALMACEN CENTRAL | M169: NUEVO
B170: =E170&"-"&COUNTIF($E$8:E170,E170) -> HM-15 | C170: Compresora M/Truper | D170: HERRAMIENTAS | E170: =IFERROR(VLOOKUP(D170,Hoja3!$A$2:$B$50,2,0),"") -> HM | F170: ALMACEN TICAPAMPA | G170: UNI | H170: =IF(Tabla1[[#This Row],[EXISTENCIA ACTUAL]]=0,"AGOTADO", IF(Tabla1[[#This Row],[EXISTENCIA ACTUAL]]<Tabla1[[#This Row],[STOCK MINIMO]],"MENOR AL MINIMO", "OK")) -> OK | I170: =IF(Tabla1[[#This Row],[EXISTENCIA ACTUAL]]=0,0, IF(Tabla1[[#This Row],[EXISTENCIA ACTUAL]]<Tabla1[[#This Row],[STOCK MINIMO]],1, 2)) -> 2 | J170: 1 | K170: =SUMIFS(Tabla2[CANTIDAD],Tabla2[PRODUCTO],Tabla1[[#This Row],[PRODUCTO]]) -> 1 | L170: ALMACEN CENTRAL | M170: NUEVO
B171: =E171&"-"&COUNTIF($E$8:E171,E171) -> HM-16 | C171: Compresora C&A Pro | D171: HERRAMIENTAS | E171: =IFERROR(VLOOKUP(D171,Hoja3!$A$2:$B$50,2,0),"") -> HM | F171: ALMACEN TICAPAMPA | G171: UNI | H171: =IF(Tabla1[[#This Row],[EXISTENCIA ACTUAL]]=0,"AGOTADO", IF(Tabla1[[#This Row],[EXISTENCIA ACTUAL]]<Tabla1[[#This Row],[STOCK MINIMO]],"MENOR AL MINIMO", "OK")) -> OK | I171: =IF(Tabla1[[#This Row],[EXISTENCIA ACTUAL]]=0,0, IF(Tabla1[[#This Row],[EXISTENCIA ACTUAL]]<Tabla1[[#This Row],[STOCK MINIMO]],1, 2)) -> 2 | J171: 1 | K171: =SUMIFS(Tabla2[CANTIDAD],Tabla2[PRODUCTO],Tabla1[[#This Row],[PRODUCTO]]) -> 1 | L171: ALMACEN CENTRAL | M171: NUEVO
B172: =E172&"-"&COUNTIF($E$8:E172,E172) -> IE-11 | C172: Tubo de PVC 1" luz | D172: INSTALACIONES ELECTRICAS | E172: =IFERROR(VLOOKUP(D172,Hoja3!$A$2:$B$50,2,0),"") -> IE | F172: ALMACEN TICAPAMPA | G172: UNI | H172: =IF(Tabla1[[#This Row],[EXISTENCIA ACTUAL]]=0,"AGOTADO", IF(Tabla1[[#This Row],[EXISTENCIA ACTUAL]]<Tabla1[[#This Row],[STOCK MINIMO]],"MENOR AL MINIMO", "OK")) -> OK | I172: =IF(Tabla1[[#This Row],[EXISTENCIA ACTUAL]]=0,0, IF(Tabla1[[#This Row],[EXISTENCIA ACTUAL]]<Tabla1[[#This Row],[STOCK MINIMO]],1, 2)) -> 2 | J172: 20 | K172: =SUMIFS(Tabla2[CANTIDAD],Tabla2[PRODUCTO],Tabla1[[#This Row],[PRODUCTO]]) -> 100 | L172: COMPRA | M172: NUEVO
B173: =E173&"-"&COUNTIF($E$8:E173,E173) -> IE-12 | C173: Cable Vulcanizado | D173: INSTALACIONES ELECTRICAS | E173: =IFERROR(VLOOKUP(D173,Hoja3!$A$2:$B$50,2,0),"") -> IE | F173: ALMACEN TICAPAMPA | G173: MT | H173: =IF(Tabla1[[#This Row],[EXISTENCIA ACTUAL]]=0,"AGOTADO", IF(Tabla1[[#This Row],[EXISTENCIA ACTUAL]]<Tabla1[[#This Row],[STOCK MINIMO]],"MENOR AL MINIMO", "OK")) -> OK | I173: =IF(Tabla1[[#This Row],[EXISTENCIA ACTUAL]]=0,0, IF(Tabla1[[#This Row],[EXISTENCIA ACTUAL]]<Tabla1[[#This Row],[STOCK MINIMO]],1, 2)) -> 2 | J173: 10 | K173: =SUMIFS(Tabla2[CANTIDAD],Tabla2[PRODUCTO],Tabla1[[#This Row],[PRODUCTO]]) -> 56 | L173: COMPRA | M173: NUEVO
B174: =E174&"-"&COUNTIF($E$8:E174,E174) -> HM-17 | C174: Disco de corte fierro 14" M/Dewalt | D174: HERRAMIENTAS | E174: =IFERROR(VLOOKUP(D174,Hoja3!$A$2:$B$50,2,0),"") -> HM | F174: ALMACEN TICAPAMPA | G174: UNI | H174: =IF(Tabla1[[#This Row],[EXISTENCIA ACTUAL]]=0,"AGOTADO", IF(Tabla1[[#This Row],[EXISTENCIA ACTUAL]]<Tabla1[[#This Row],[STOCK MINIMO]],"MENOR AL MINIMO", "OK")) -> OK | I174: =IF(Tabla1[[#This Row],[EXISTENCIA ACTUAL]]=0,0, IF(Tabla1[[#This Row],[EXISTENCIA ACTUAL]]<Tabla1[[#This Row],[STOCK MINIMO]],1, 2)) -> 2 | J174: 5 | K174: =SUMIFS(Tabla2[CANTIDAD],Tabla2[PRODUCTO],Tabla1[[#This Row],[PRODUCTO]]) -> 6 | L174: COMPRA | M174: NUEVO
B175: =E175&"-"&COUNTIF($E$8:E175,E175) -> HM-18 | C175: Disco de corte de metal M/Bosch 7" | D175: HERRAMIENTAS | E175: =IFERROR(VLOOKUP(D175,Hoja3!$A$2:$B$50,2,0),"") -> HM | F175: ALMACEN TICAPAMPA | G175: UNI | H175: =IF(Tabla1[[#This Row],[EXISTENCIA ACTUAL]]=0,"AGOTADO", IF(Tabla1[[#This Row],[EXISTENCIA ACTUAL]]<Tabla1[[#This Row],[STOCK MINIMO]],"MENOR AL MINIMO", "OK")) -> OK | I175: =IF(Tabla1[[#This Row],[EXISTENCIA ACTUAL]]=0,0, IF(Tabla1[[#This Row],[EXISTENCIA ACTUAL]]<Tabla1[[#This Row],[STOCK MINIMO]],1, 2)) -> 2 | J175: 5 | K175: =SUMIFS(Tabla2[CANTIDAD],Tabla2[PRODUCTO],Tabla1[[#This Row],[PRODUCTO]]) -> 22 | L175: COMPRA | M175: NUEVO
B176: =E176&"-"&COUNTIF($E$8:E176,E176) -> HM-19 | C176: Disco de corte de metal 4 1/2" M/Total | D176: HERRAMIENTAS | E176: =IFERROR(VLOOKUP(D176,Hoja3!$A$2:$B$50,2,0),"") -> HM | F176: ALMACEN TICAPAMPA | G176: UNI | H176: =IF(Tabla1[[#This Row],[EXISTENCIA ACTUAL]]=0,"AGOTADO", IF(Tabla1[[#This Row],[EXISTENCIA ACTUAL]]<Tabla1[[#This Row],[STOCK MINIMO]],"MENOR AL MINIMO", "OK")) -> MENOR AL MINIMO | I176: =IF(Tabla1[[#This Row],[EXISTENCIA ACTUAL]]=0,0, IF(Tabla1[[#This Row],[EXISTENCIA ACTUAL]]<Tabla1[[#This Row],[STOCK MINIMO]],1, 2)) -> 1 | J176: 5 | K176: =SUMIFS(Tabla2[CANTIDAD],Tabla2[PRODUCTO],Tabla1[[#This Row],[PRODUCTO]]) -> 1 | L176: COMPRA | M176: NUEVO
B177: =E177&"-"&COUNTIF($E$8:E177,E177) -> HM-20 | C177: Taladro M/Total | D177: HERRAMIENTAS | E177: =IFERROR(VLOOKUP(D177,Hoja3!$A$2:$B$50,2,0),"") -> HM | F177: ALMACEN TICAPAMPA | G177: UNI | H177: =IF(Tabla1[[#This Row],[EXISTENCIA ACTUAL]]=0,"AGOTADO", IF(Tabla1[[#This Row],[EXISTENCIA ACTUAL]]<Tabla1[[#This Row],[STOCK MINIMO]],"MENOR AL MINIMO", "OK")) -> OK | I177: =IF(Tabla1[[#This Row],[EXISTENCIA ACTUAL]]=0,0, IF(Tabla1[[#This Row],[EXISTENCIA ACTUAL]]<Tabla1[[#This Row],[STOCK MINIMO]],1, 2)) -> 2 | J177: 1 | K177: =SUMIFS(Tabla2[CANTIDAD],Tabla2[PRODUCTO],Tabla1[[#This Row],[PRODUCTO]]) -> 1 | L177: COMPRA | M177: NUEVO
B178: =E178&"-"&COUNTIF($E$8:E178,E178) -> HM-21 | C178: Cortadora de Fierro M/total | D178: HERRAMIENTAS | E178: =IFERROR(VLOOKUP(D178,Hoja3!$A$2:$B$50,2,0),"") -> HM | F178: ALMACEN TICAPAMPA | G178: UNI | H178: =IF(Tabla1[[#This Row],[EXISTENCIA ACTUAL]]=0,"AGOTADO", IF(Tabla1[[#This Row],[EXISTENCIA ACTUAL]]<Tabla1[[#This Row],[STOCK MINIMO]],"MENOR AL MINIMO", "OK")) -> OK | I178: =IF(Tabla1[[#This Row],[EXISTENCIA ACTUAL]]=0,0, IF(Tabla1[[#This Row],[EXISTENCIA ACTUAL]]<Tabla1[[#This Row],[STOCK MINIMO]],1, 2)) -> 2 | J178: 1 | K178: =SUMIFS(Tabla2[CANTIDAD],Tabla2[PRODUCTO],Tabla1[[#This Row],[PRODUCTO]]) -> 1 | L178: COMPRA | M178: NUEVO
B179: =E179&"-"&COUNTIF($E$8:E179,E179) -> HM-22 | C179: cortadora de madera M/Ferton | D179: HERRAMIENTAS | E179: =IFERROR(VLOOKUP(D179,Hoja3!$A$2:$B$50,2,0),"") -> HM | F179: ALMACEN TICAPAMPA | G179: UNI | H179: =IF(Tabla1[[#This Row],[EXISTENCIA ACTUAL]]=0,"AGOTADO", IF(Tabla1[[#This Row],[EXISTENCIA ACTUAL]]<Tabla1[[#This Row],[STOCK MINIMO]],"MENOR AL MINIMO", "OK")) -> OK | I179: =IF(Tabla1[[#This Row],[EXISTENCIA ACTUAL]]=0,0, IF(Tabla1[[#This Row],[EXISTENCIA ACTUAL]]<Tabla1[[#This Row],[STOCK MINIMO]],1, 2)) -> 2 | J179: 1 | K179: =SUMIFS(Tabla2[CANTIDAD],Tabla2[PRODUCTO],Tabla1[[#This Row],[PRODUCTO]]) -> 1 | L179: COMPRA | M179: NUEVO
... B247: =E247&"-"&COUNTIF($E$8:E247,E247) -> UE-70 | C247: tintas epson 544 cyan | D247: UTILES DE ESCRITORIO | E247: =IFERROR(VLOOKUP(D247,Hoja3!$A$2:$B$50,2,0),"") -> UE | F247: ALMACEN TICAPAMPA | G247: UNI | H247: =IF(Tabla1[[#This Row],[EXISTENCIA ACTUAL]]=0,"AGOTADO", IF(Tabla1[[#This Row],[EXISTENCIA ACTUAL]]<Tabla1[[#This Row],[STOCK MINIMO]],"MENOR AL MINIMO", "OK")) -> AGOTADO | I247: =IF(Tabla1[[#This Row],[EXISTENCIA ACTUAL]]=0,0, IF(Tabla1[[#This Row],[EXISTENCIA ACTUAL]]<Tabla1[[#This Row],[STOCK MINIMO]],1, 2)) -> 0 | J247: 1 | K247: =SUMIFS(Tabla2[CANTIDAD],Tabla2[PRODUCTO],Tabla1[[#This Row],[PRODUCTO]]) -> 0 | L247: COMPRA | M247: NUEVO
B248: =E248&"-"&COUNTIF($E$8:E248,E248) -> CEM-1 | C248: Cemento Yura | D248: CEMENTO | E248: =IFERROR(VLOOKUP(D248,Hoja3!$A$2:$B$50,2,0),"") -> CEM | F248: ALMACEN TICAPAMPA | G248: UNI | H248: =IF(Tabla1[[#This Row],[EXISTENCIA ACTUAL]]=0,"AGOTADO", IF(Tabla1[[#This Row],[EXISTENCIA ACTUAL]]<Tabla1[[#This Row],[STOCK MINIMO]],"MENOR AL MINIMO", "OK")) -> OK | I248: =IF(Tabla1[[#This Row],[EXISTENCIA ACTUAL]]=0,0, IF(Tabla1[[#This Row],[EXISTENCIA ACTUAL]]<Tabla1[[#This Row],[STOCK MINIMO]],1, 2)) -> 2 | J248: 50 | K248: =SUMIFS(Tabla2[CANTIDAD],Tabla2[PRODUCTO],Tabla1[[#This Row],[PRODUCTO]]) -> 1545 | L248: COMPRA | M248: NUEVO | O248: OBRA
B249: =E249&"-"&COUNTIF($E$8:E249,E249) -> IS-45 | C249: Zapato de seguridad M/Miner T/42 | D249: IMPLEMENTOS DE SEGURIDAD | E249: =IFERROR(VLOOKUP(D249,Hoja3!$A$2:$B$50,2,0),"") -> IS | F249: ALMACEN TICAPAMPA | G249: UNI | H249: =IF(Tabla1[[#This Row],[EXISTENCIA ACTUAL]]=0,"AGOTADO", IF(Tabla1[[#This Row],[EXISTENCIA ACTUAL]]<Tabla1[[#This Row],[STOCK MINIMO]],"MENOR AL MINIMO", "OK")) -> OK | I249: =IF(Tabla1[[#This Row],[EXISTENCIA ACTUAL]]=0,0, IF(Tabla1[[#This Row],[EXISTENCIA ACTUAL]]<Tabla1[[#This Row],[STOCK MINIMO]],1, 2)) -> 2 | J249: 1 | K249: =SUMIFS(Tabla2[CANTIDAD],Tabla2[PRODUCTO],Tabla1[[#This Row],[PRODUCTO]]) -> 6 | L249: CAMBIO | M249: NUEVO
B250: =E250&"-"&COUNTIF($E$8:E250,E250) -> IS-46 | C250: Zapato de seguridad M/Ssarun T/43 | D250: IMPLEMENTOS DE SEGURIDAD | E250: =IFERROR(VLOOKUP(D250,Hoja3!$A$2:$B$50,2,0),"") -> IS | F250: ALMACEN TICAPAMPA | G250: UNI | H250: =IF(Tabla1[[#This Row],[EXISTENCIA ACTUAL]]=0,"AGOTADO", IF(Tabla1[[#This Row],[EXISTENCIA ACTUAL]]<Tabla1[[#This Row],[STOCK MINIMO]],"MENOR AL MINIMO", "OK")) -> OK | I250: =IF(Tabla1[[#This Row],[EXISTENCIA ACTUAL]]=0,0, IF(Tabla1[[#This Row],[EXISTENCIA ACTUAL]]<Tabla1[[#This Row],[STOCK MINIMO]],1, 2)) -> 2 | J250: 1 | K250: =SUMIFS(Tabla2[CANTIDAD],Tabla2[PRODUCTO],Tabla1[[#This Row],[PRODUCTO]]) -> 1 | L250: CAMBIO | M250: NUEVO
B251: =E251&"-"&COUNTIF($E$8:E251,E251) -> IS-47 | C251: Sueter manga larga cuello jorge chavez | D251: IMPLEMENTOS DE SEGURIDAD | E251: =IFERROR(VLOOKUP(D251,Hoja3!$A$2:$B$50,2,0),"") -> IS | F251: ALMACEN TICAPAMPA | G251: UNI | H251: =IF(Tabla1[[#This Row],[EXISTENCIA ACTUAL]]=0,"AGOTADO", IF(Tabla1[[#This Row],[EXISTENCIA ACTUAL]]<Tabla1[[#This Row],[STOCK MINIMO]],"MENOR AL MINIMO", "OK")) -> OK | I251: =IF(Tabla1[[#This Row],[EXISTENCIA ACTUAL]]=0,0, IF(Tabla1[[#This Row],[EXISTENCIA ACTUAL]]<Tabla1[[#This Row],[STOCK MINIMO]],1, 2)) -> 2 | J251: 5 | K251: =SUMIFS(Tabla2[CANTIDAD],Tabla2[PRODUCTO],Tabla1[[#This Row],[PRODUCTO]]) -> 13 | L251: COMPRA | M251: NUEVO
B252: =E252&"-"&COUNTIF($E$8:E252,E252) -> SOL-2 | C252: Electrodos M/punto azul | D252: SOLDADURA | E252: =IFERROR(VLOOKUP(D252,Hoja3!$A$2:$B$50,2,0),"") -> SOL | F252: ALMACEN TICAPAMPA | G252: kg | H252: =IF(Tabla1[[#This Row],[EXISTENCIA ACTUAL]]=0,"AGOTADO", IF(Tabla1[[#This Row],[EXISTENCIA ACTUAL]]<Tabla1[[#This Row],[STOCK MINIMO]],"MENOR AL MINIMO", "OK")) -> OK | I252: =IF(Tabla1[[#This Row],[EXISTENCIA ACTUAL]]=0,0, IF(Tabla1[[#This Row],[EXISTENCIA ACTUAL]]<Tabla1[[#This Row],[STOCK MINIMO]],1, 2)) -> 2 | J252: 1 | K252: =SUMIFS(Tabla2[CANTIDAD],Tabla2[PRODUCTO],Tabla1[[#This Row],[PRODUCTO]]) -> 2.5 | L252: COMPRA | M252: NUEVO
B253: =E253&"-"&COUNTIF($E$8:E253,E253) -> HM-52 | C253: Disco de desgaste M/Truper | D253: HERRAMIENTAS | E253: =IFERROR(VLOOKUP(D253,Hoja3!$A$2:$B$50,2,0),"") -> HM | F253: ALMACEN TICAPAMPA | G253: UNI | H253: =IF(Tabla1[[#This Row],[EXISTENCIA ACTUAL]]=0,"AGOTADO", IF(Tabla1[[#This Row],[EXISTENCIA ACTUAL]]<Tabla1[[#This Row],[STOCK MINIMO]],"MENOR AL MINIMO", "OK")) -> OK | I253: =IF(Tabla1[[#This Row],[EXISTENCIA ACTUAL]]=0,0, IF(Tabla1[[#This Row],[EXISTENCIA ACTUAL]]<Tabla1[[#This Row],[STOCK MINIMO]],1, 2)) -> 2 | J253: 2 | K253: =SUMIFS(Tabla2[CANTIDAD],Tabla2[PRODUCTO],Tabla1[[#This Row],[PRODUCTO]]) -> 8 | L253: COMPRA | M253: NUEVO
B254: =E254&"-"&COUNTIF($E$8:E254,E254) -> IS-48 | C254: Botas de Goma T/43 | D254: IMPLEMENTOS DE SEGURIDAD | E254: =IFERROR(VLOOKUP(D254,Hoja3!$A$2:$B$50,2,0),"") -> IS | F254: ALMACEN TICAPAMPA | G254: UNI | H254: =IF(Tabla1[[#This Row],[EXISTENCIA ACTUAL]]=0,"AGOTADO", IF(Tabla1[[#This Row],[EXISTENCIA ACTUAL]]<Tabla1[[#This Row],[STOCK MINIMO]],"MENOR AL MINIMO", "OK")) -> OK | I254: =IF(Tabla1[[#This Row],[EXISTENCIA ACTUAL]]=0,0, IF(Tabla1[[#This Row],[EXISTENCIA ACTUAL]]<Tabla1[[#This Row],[STOCK MINIMO]],1, 2)) -> 2 | J254: 1 | K254: =SUMIFS(Tabla2[CANTIDAD],Tabla2[PRODUCTO],Tabla1[[#This Row],[PRODUCTO]]) -> 1 | L254: CAMBIO | M254: NUEVO
B255: =E255&"-"&COUNTIF($E$8:E255,E255) -> HM-53 | C255: Disco de corte de madera de 12'' | D255: HERRAMIENTAS | E255: =IFERROR(VLOOKUP(D255,Hoja3!$A$2:$B$50,2,0),"") -> HM | F255: ALMACEN TICAPAMPA | G255: UNI | H255: =IF(Tabla1[[#This Row],[EXISTENCIA ACTUAL]]=0,"AGOTADO", IF(Tabla1[[#This Row],[EXISTENCIA ACTUAL]]<Tabla1[[#This Row],[STOCK MINIMO]],"MENOR AL MINIMO", "OK")) -> MENOR AL MINIMO | I255: =IF(Tabla1[[#This Row],[EXISTENCIA ACTUAL]]=0,0, IF(Tabla1[[#This Row],[EXISTENCIA ACTUAL]]<Tabla1[[#This Row],[STOCK MINIMO]],1, 2)) -> 1 | J255: 5 | K255: =SUMIFS(Tabla2[CANTIDAD],Tabla2[PRODUCTO],Tabla1[[#This Row],[PRODUCTO]]) -> 2 | L255: COMPRA | M255: NUEVO
B256: =E256&"-"&COUNTIF($E$8:E256,E256) -> ICA-1 | C256: Cono de Abraham con varilla | D256: IMPLEMENTOS DE CALIDAD | E256: =IFERROR(VLOOKUP(D256,Hoja3!$A$2:$B$50,2,0),"") -> ICA | F256: ALMACEN TICAPAMPA | G256: UNI | H256: =IF(Tabla1[[#This Row],[EXISTENCIA ACTUAL]]=0,"AGOTADO", IF(Tabla1[[#This Row],[EXISTENCIA ACTUAL]]<Tabla1[[#This Row],[STOCK MINIMO]],"MENOR AL MINIMO", "OK")) -> OK | I256: =IF(Tabla1[[#This Row],[EXISTENCIA ACTUAL]]=0,0, IF(Tabla1[[#This Row],[EXISTENCIA ACTUAL]]<Tabla1[[#This Row],[STOCK MINIMO]],1, 2)) -> 2 | J256: 1 | K256: =SUMIFS(Tabla2[CANTIDAD],Tabla2[PRODUCTO],Tabla1[[#This Row],[PRODUCTO]]) -> 1 | L256: COMPRA | M256: NUEVO | O256: CALIDAD
B257: =E257&"-"&COUNTIF($E$8:E257,E257) -> ICA-2 | C257: Badilejo con mango de madera 6" | D257: IMPLEMENTOS DE CALIDAD | E257: =IFERROR(VLOOKUP(D257,Hoja3!$A$2:$B$50,2,0),"") -> ICA | F257: ALMACEN TICAPAMPA | G257: UNI | H257: =IF(Tabla1[[#This Row],[EXISTENCIA ACTUAL]]=0,"AGOTADO", IF(Tabla1[[#This Row],[EXISTENCIA ACTUAL]]<Tabla1[[#This Row],[STOCK MINIMO]],"MENOR AL MINIMO", "OK")) -> OK | I257: =IF(Tabla1[[#This Row],[EXISTENCIA ACTUAL]]=0,0, IF(Tabla1[[#This Row],[EXISTENCIA ACTUAL]]<Tabla1[[#This Row],[STOCK MINIMO]],1, 2)) -> 2 | J257: 1 | K257: =SUMIFS(Tabla2[CANTIDAD],Tabla2[PRODUCTO],Tabla1[[#This Row],[PRODUCTO]]) -> 1 | L257: COMPRA | M257: NUEVO | O257: CALIDAD
B258: =E258&"-"&COUNTIF($E$8:E258,E258) -> ICA-3 | C258: Martillo con cabeza de goma | D258: IMPLEMENTOS DE CALIDAD | E258: =IFERROR(VLOOKUP(D258,Hoja3!$A$2:$B$50,2,0),"") -> ICA | F258: ALMACEN TICAPAMPA | G258: UNI | H258: =IF(Tabla1[[#This Row],[EXISTENCIA ACTUAL]]=0,"AGOTADO", IF(Tabla1[[#This Row],[EXISTENCIA ACTUAL]]<Tabla1[[#This Row],[STOCK MINIMO]],"MENOR AL MINIMO", "OK")) -> OK | I258: =IF(Tabla1[[#This Row],[EXISTENCIA ACTUAL]]=0,0, IF(Tabla1[[#This Row],[EXISTENCIA ACTUAL]]<Tabla1[[#This Row],[STOCK MINIMO]],1, 2)) -> 2 | J258: 1 | K258: =SUMIFS(Tabla2[CANTIDAD],Tabla2[PRODUCTO],Tabla1[[#This Row],[PRODUCTO]]) -> 1 | L258: COMPRA | M258: NUEVO | O258: CALIDAD
B259: =E259&"-"&COUNTIF($E$8:E259,E259) -> ICA-4 | C259: Lija de metal #220 | D259: IMPLEMENTOS DE CALIDAD | E259: =IFERROR(VLOOKUP(D259,Hoja3!$A$2:$B$50,2,0),"") -> ICA | F259: ALMACEN TICAPAMPA | G259: UNI | H259: =IF(Tabla1[[#This Row],[EXISTENCIA ACTUAL]]=0,"AGOTADO", IF(Tabla1[[#This Row],[EXISTENCIA ACTUAL]]<Tabla1[[#This Row],[STOCK MINIMO]],"MENOR AL MINIMO", "OK")) -> AGOTADO | I259: =IF(Tabla1[[#This Row],[EXISTENCIA ACTUAL]]=0,0, IF(Tabla1[[#This Row],[EXISTENCIA ACTUAL]]<Tabla1[[#This Row],[STOCK MINIMO]],1, 2)) -> 0 | J259: 1 | K259: =SUMIFS(Tabla2[CANTIDAD],Tabla2[PRODUCTO],Tabla1[[#This Row],[PRODUCTO]]) -> 0 | L259: COMPRA | M259: NUEVO | O259: CALIDAD
B260: =E260&"-"&COUNTIF($E$8:E260,E260) -> ICA-5 | C260: Flexometro Huincha 8m | D260: IMPLEMENTOS DE CALIDAD | E260: =IFERROR(VLOOKUP(D260,Hoja3!$A$2:$B$50,2,0),"") -> ICA | F260: ALMACEN TICAPAMPA | G260: UNI | H260: =IF(Tabla1[[#This Row],[EXISTENCIA ACTUAL]]=0,"AGOTADO", IF(Tabla1[[#This Row],[EXISTENCIA ACTUAL]]<Tabla1[[#This Row],[STOCK MINIMO]],"MENOR AL MINIMO", "OK")) -> AGOTADO | I260: =IF(Tabla1[[#This Row],[EXISTENCIA ACTUAL]]=0,0, IF(Tabla1[[#This Row],[EXISTENCIA ACTUAL]]<Tabla1[[#This Row],[STOCK MINIMO]],1, 2)) -> 0 | J260: 1 | K260: =SUMIFS(Tabla2[CANTIDAD],Tabla2[PRODUCTO],Tabla1[[#This Row],[PRODUCTO]]) -> 0 | L260: COMPRA | M260: NUEVO | O260: CALIDAD
B261: =E261&"-"&COUNTIF($E$8:E261,E261) -> ISA-23 | C261: Tanque Cisterna con accesorios 2500litros | D261: INSTALACIONES SANITARIAS | E261: =IFERROR(VLOOKUP(D261,Hoja3!$A$2:$B$50,2,0),"") -> ISA | F261: ALMACEN TICAPAMPA | G261: UNI | H261: =IF(Tabla1[[#This Row],[EXISTENCIA ACTUAL]]=0,"AGOTADO", IF(Tabla1[[#This Row],[EXISTENCIA ACTUAL]]<Tabla1[[#This Row],[STOCK MINIMO]],"MENOR AL MINIMO", "OK")) -> AGOTADO | I261: =IF(Tabla1[[#This Row],[EXISTENCIA ACTUAL]]=0,0, IF(Tabla1[[#This Row],[EXISTENCIA ACTUAL]]<Tabla1[[#This Row],[STOCK MINIMO]],1, 2)) -> 0 | J261: 1 | K261: =SUMIFS(Tabla2[CANTIDAD],Tabla2[PRODUCTO],Tabla1[[#This Row],[PRODUCTO]]) -> 0 | L261: COMPRA | M261: NUEVO | O261: OBRA
B262: =E262&"-"&COUNTIF($E$8:E262,E262) -> IS-49 | C262: Cinta aislante negro | D262: IMPLEMENTOS DE SEGURIDAD | E262: =IFERROR(VLOOKUP(D262,Hoja3!$A$2:$B$50,2,0),"") -> IS | F262: ALMACEN TICAPAMPA | G262: UNI | H262: =IF(Tabla1[[#This Row],[EXISTENCIA ACTUAL]]=0,"AGOTADO", IF(Tabla1[[#This Row],[EXISTENCIA ACTUAL]]<Tabla1[[#This Row],[STOCK MINIMO]],"MENOR AL MINIMO", "OK")) -> OK | I262: =IF(Tabla1[[#This Row],[EXISTENCIA ACTUAL]]=0,0, IF(Tabla1[[#This Row],[EXISTENCIA ACTUAL]]<Tabla1[[#This Row],[STOCK MINIMO]],1, 2)) -> 2 | J262: 1 | K262: =SUMIFS(Tabla2[CANTIDAD],Tabla2[PRODUCTO],Tabla1[[#This Row],[PRODUCTO]]) -> 10 | L262: COMPRA | M262: NUEVO | O262: SEGURIDAD
B263: =E263&"-"&COUNTIF($E$8:E263,E263) -> IS-50 | C263: Cinta aislante azul | D263: IMPLEMENTOS DE SEGURIDAD | E263: =IFERROR(VLOOKUP(D263,Hoja3!$A$2:$B$50,2,0),"") -> IS | F263: ALMACEN TICAPAMPA | G263: UNI | H263: =IF(Tabla1[[#This Row],[EXISTENCIA ACTUAL]]=0,"AGOTADO", IF(Tabla1[[#This Row],[EXISTENCIA ACTUAL]]<Tabla1[[#This Row],[STOCK MINIMO]],"MENOR AL MINIMO", "OK")) -> OK | I263: =IF(Tabla1[[#This Row],[EXISTENCIA ACTUAL]]=0,0, IF(Tabla1[[#This Row],[EXISTENCIA ACTUAL]]<Tabla1[[#This Row],[STOCK MINIMO]],1, 2)) -> 2 | J263: 1 | K263: =SUMIFS(Tabla2[CANTIDAD],Tabla2[PRODUCTO],Tabla1[[#This Row],[PRODUCTO]]) -> 7 | L263: COMPRA | M263: NUEVO | O263: SEGURIDAD
B264: =E264&"-"&COUNTIF($E$8:E264,E264) -> IS-51 | C264: Cinta aislante rojo | D264: IMPLEMENTOS DE SEGURIDAD | E264: =IFERROR(VLOOKUP(D264,Hoja3!$A$2:$B$50,2,0),"") -> IS | F264: ALMACEN TICAPAMPA | G264: UNI | H264: =IF(Tabla1[[#This Row],[EXISTENCIA ACTUAL]]=0,"AGOTADO", IF(Tabla1[[#This Row],[EXISTENCIA ACTUAL]]<Tabla1[[#This Row],[STOCK MINIMO]],"MENOR AL MINIMO", "OK")) -> OK | I264: =IF(Tabla1[[#This Row],[EXISTENCIA ACTUAL]]=0,0, IF(Tabla1[[#This Row],[EXISTENCIA ACTUAL]]<Tabla1[[#This Row],[STOCK MINIMO]],1, 2)) -> 2 | J264: 1 | K264: =SUMIFS(Tabla2[CANTIDAD],Tabla2[PRODUCTO],Tabla1[[#This Row],[PRODUCTO]]) -> 10 | L264: COMPRA | M264: NUEVO | O264: SEGURIDAD
B265: =E265&"-"&COUNTIF($E$8:E265,E265) -> IS-52 | C265: Cinta aislante blanco | D265: IMPLEMENTOS DE SEGURIDAD | E265: =IFERROR(VLOOKUP(D265,Hoja3!$A$2:$B$50,2,0),"") -> IS | F265: ALMACEN TICAPAMPA | G265: UNI | H265: =IF(Tabla1[[#This Row],[EXISTENCIA ACTUAL]]=0,"AGOTADO", IF(Tabla1[[#This Row],[EXISTENCIA ACTUAL]]<Tabla1[[#This Row],[STOCK MINIMO]],"MENOR AL MINIMO", "OK")) -> OK | I265: =IF(Tabla1[[#This Row],[EXISTENCIA ACTUAL]]=0,0, IF(Tabla1[[#This Row],[EXISTENCIA ACTUAL]]<Tabla1[[#This Row],[STOCK MINIMO]],1, 2)) -> 2 | J265: 1 | K265: =SUMIFS(Tabla2[CANTIDAD],Tabla2[PRODUCTO],Tabla1[[#This Row],[PRODUCTO]]) -> 10 | L265: COMPRA | M265: NUEVO | O265: SEGURIDAD
B266: =E266&"-"&COUNTIF($E$8:E266,E266) -> IS-53 | C266: Cinta aislante amarillo | D266: IMPLEMENTOS DE SEGURIDAD | E266: =IFERROR(VLOOKUP(D266,Hoja3!$A$2:$B$50,2,0),"") -> IS | F266: ALMACEN TICAPAMPA | G266: UNI | H266: =IF(Tabla1[[#This Row],[EXISTENCIA ACTUAL]]=0,"AGOTADO", IF(Tabla1[[#This Row],[EXISTENCIA ACTUAL]]<Tabla1[[#This Row],[STOCK MINIMO]],"MENOR AL MINIMO", "OK")) -> OK | I266: =IF(Tabla1[[#This Row],[EXISTENCIA ACTUAL]]=0,0, IF(Tabla1[[#This Row],[EXISTENCIA ACTUAL]]<Tabla1[[#This Row],[STOCK MINIMO]],1, 2)) -> 2 | J266: 1 | K266: =SUMIFS(Tabla2[CANTIDAD],Tabla2[PRODUCTO],Tabla1[[#This Row],[PRODUCTO]]) -> 10 | L266: COMPRA | M266: NUEVO | O266: SEGURIDAD
B267: =E267&"-"&COUNTIF($E$8:E267,E267) -> IS-54 | C267: Cinta aislante verde | D267: IMPLEMENTOS DE SEGURIDAD | E267: =IFERROR(VLOOKUP(D267,Hoja3!$A$2:$B$50,2,0),"") -> IS | F267: ALMACEN TICAPAMPA | G267: UNI | H267: =IF(Tabla1[[#This Row],[EXISTENCIA ACTUAL]]=0,"AGOTADO", IF(Tabla1[[#This Row],[EXISTENCIA ACTUAL]]<Tabla1[[#This Row],[STOCK MINIMO]],"MENOR AL MINIMO", "OK")) -> OK | I267: =IF(Tabla1[[#This Row],[EXISTENCIA ACTUAL]]=0,0, IF(Tabla1[[#This Row],[EXISTENCIA ACTUAL]]<Tabla1[[#This Row],[STOCK MINIMO]],1, 2)) -> 2 | J267: 1 | K267: =SUMIFS(Tabla2[CANTIDAD],Tabla2[PRODUCTO],Tabla1[[#This Row],[PRODUCTO]]) -> 10 | L267: COMPRA | M267: NUEVO | O267: SEGURIDAD
... B289: =E289&"-"&COUNTIF($E$8:E289,E289) -> HM-55 | C289: Disco de corte 4" M/Utustools | D289: HERRAMIENTAS | E289: =IFERROR(VLOOKUP(D289,Hoja3!$A$2:$B$50,2,0),"") -> HM | F289: ALMACEN TICAPAMPA | G289: UNI | H289: =IF(Tabla1[[#This Row],[EXISTENCIA ACTUAL]]=0,"AGOTADO", IF(Tabla1[[#This Row],[EXISTENCIA ACTUAL]]<Tabla1[[#This Row],[STOCK MINIMO]],"MENOR AL MINIMO", "OK")) -> OK | I289: =IF(Tabla1[[#This Row],[EXISTENCIA ACTUAL]]=0,0, IF(Tabla1[[#This Row],[EXISTENCIA ACTUAL]]<Tabla1[[#This Row],[STOCK MINIMO]],1, 2)) -> 2 | J289: 1 | K289: =SUMIFS(Tabla2[CANTIDAD],Tabla2[PRODUCTO],Tabla1[[#This Row],[PRODUCTO]]) -> 10 | L289: COMPRA | M289: NUEVO | O289: FIERRERIA
B290: =E290&"-"&COUNTIF($E$8:E291,E290) -> OTR-19 | C290: Filtrode gasolina para trompo | D290: OTROS | E290: =IFERROR(VLOOKUP(D290,Hoja3!$A$2:$B$50,2,0),"") -> OTR | F290: ALMACEN TICAPAMPA | G290: UNI | H290: =IF(Tabla1[[#This Row],[EXISTENCIA ACTUAL]]=0,"AGOTADO", IF(Tabla1[[#This Row],[EXISTENCIA ACTUAL]]<Tabla1[[#This Row],[STOCK MINIMO]],"MENOR AL MINIMO", "OK")) -> AGOTADO | I290: =IF(Tabla1[[#This Row],[EXISTENCIA ACTUAL]]=0,0, IF(Tabla1[[#This Row],[EXISTENCIA ACTUAL]]<Tabla1[[#This Row],[STOCK MINIMO]],1, 2)) -> 0 | J290: 1 | K290: =SUMIFS(Tabla2[CANTIDAD],Tabla2[PRODUCTO],Tabla1[[#This Row],[PRODUCTO]]) -> 0 | L290: COMPRA | M290: NUEVO | O290: TROMPO
B291: =E291&"-"&COUNTIF($E$8:E291,E291) -> -1 | E291: =IFERROR(VLOOKUP(D291,Hoja3!$A$2:$B$50,2,0),"") | H291: =IF(Tabla1[[#This Row],[EXISTENCIA ACTUAL]]=0,"AGOTADO", IF(Tabla1[[#This Row],[EXISTENCIA ACTUAL]]<Tabla1[[#This Row],[STOCK MINIMO]],"MENOR AL MINIMO", "OK")) -> AGOTADO | I291: =IF(Tabla1[[#This Row],[EXISTENCIA ACTUAL]]=0,0, IF(Tabla1[[#This Row],[EXISTENCIA ACTUAL]]<Tabla1[[#This Row],[STOCK MINIMO]],1, 2)) -> 0 | K291: =SUMIFS(Tabla2[CANTIDAD],Tabla2[PRODUCTO],Tabla1[[#This Row],[PRODUCTO]]) -> 0

Sheet REGISTRO ENTRADAS Y SALIDAS
B1: GESTION DE INVENTARIO
B3: CONSORCIO FORTALEZA - FSA CONSTRUCTORA E.I.R.L
B5: LISTADO DE PRODUCTO
B6: 1 | C6: 2 | D6: 3 | E6: 4 | F6: 5 | G6: 6 | H6: 7 | I6: 8 | J6: 9 | K6: 10 | L6: 11 | M6: 12 | N6: 13 | O6: 14 | P6: 15 | Q6: 16 | R6: 17
B7: FECHA | C7: CODIGO | D7: PRODUCTO | E7: CATEGORIA | F7: ALMACEN | G7: UNIDAD | H7: EXISTENCIA ACTUAL | I7: CANTIDAD | J7: DESCRIPCION TRABAJO | K7: PROVIENE | L7: QUIEN ENTREGA | M7: QUIEN RECIBE | N7: PREC. UNITARIO | O7: PREC. VENTA | P7: DOCUMENTO INGRESO | Q7: DOCUMENTO SALIDA | R7: formula
B8: 45910 | C8: =IFERROR(_xlfn.XLOOKUP(Tabla2[[#This Row],[PRODUCTO]],Tabla1[PRODUCTO],Tabla1[CODIGO]),"") -> IS-1 | D8: Pantalon jeans varon M/Jusbrend T/34 | E8: =IFERROR(VLOOKUP(Tabla2[[#This Row],[CODIGO]],Tabla1[],3,0),"") -> IMPLEMENTOS DE SEGURIDAD | F8: =IFERROR(VLOOKUP(Tabla2[[#This Row],[CODIGO]],Tabla1[],5,0),"") -> ALMACEN TICAPAMPA | G8: =IFERROR(VLOOKUP(Tabla2[[#This Row],[CODIGO]],Tabla1[],6,0),"") -> UNI | H8: =IFERROR(VLOOKUP(Tabla2[[#This Row],[CODIGO]],Tabla1[],10,0),"") -> 4 | I8: 10 | J8: Ingreso a Inventario | K8: =IFERROR(VLOOKUP(Tabla2[[#This Row],[CODIGO]],Tabla1[],11,0),"") -> COMPRA | L8: ACOSTA ROJAS, JOSEPH ALFONSO | M8: ACUACHI LANCHIPA ERNESTO ALONSO | N8: 45 | O8: =Tabla2[[#This Row],[CANTIDAD]]*Tabla2[[#This Row],[PREC. UNITARIO]] -> 450 | P8: FAC F001-007926 | R8: =Tabla2[[#This Row],[QUIEN RECIBE]]&"-"&TEXT(Tabla2[[#This Row],[FECHA]],"dd/mm/yyyy") -> ACUACHI LANCHIPA ERNESTO ALONSO-10/09/2025
B9: 45910 | C9: =IFERROR(_xlfn.XLOOKUP(Tabla2[[#This Row],[PRODUCTO]],Tabla1[PRODUCTO],Tabla1[CODIGO]),"") -> IS-2 | D9: Pantalon jeans varon M/Jusbrend T/32 | E9: =IFERROR(VLOOKUP(Tabla2[[#This Row],[CODIGO]],Tabla1[],3,0),"") -> IMPLEMENTOS DE SEGURIDAD | F9: =IFERROR(VLOOKUP(Tabla2[[#This Row],[CODIGO]],Tabla1[],5,0),"") -> ALMACEN TICAPAMPA | G9: =IFERROR(VLOOKUP(Tabla2[[#This Row],[CODIGO]],Tabla1[],6,0),"") -> UNI | H9: =IFERROR(VLOOKUP(Tabla2[[#This Row],[CODIGO]],Tabla1[],10,0),"") -> 5 | I9: 10 | J9: Ingreso a Inventario | K9: =IFERROR(VLOOKUP(Tabla2[[#This Row],[CODIGO]],Tabla1[],11,0),"") -> COMPRA | L9: ACOSTA ROJAS, JOSEPH ALFONSO | M9: ACUACHI LANCHIPA ERNESTO ALONSO | N9: 45 | O9: =Tabla2[[#This Row],[CANTIDAD]]*Tabla2[[#This Row],[PREC. UNITARIO]] -> 450 | P9: FAC F001-007926 | R9: =Tabla2[[#This Row],[QUIEN RECIBE]]&"-"&TEXT(Tabla2[[#This Row],[FECHA]],"dd/mm/yyyy") -> ACUACHI LANCHIPA ERNESTO ALONSO-10/09/2025
B10: 45910 | C10: =IFERROR(_xlfn.XLOOKUP(Tabla2[[#This Row],[PRODUCTO]],Tabla1[PRODUCTO],Tabla1[CODIGO]),"") -> IS-3 | D10: Pantalon jeans dama s/marca T/30 | E10: =IFERROR(VLOOKUP(Tabla2[[#This Row],[CODIGO]],Tabla1[],3,0),"") -> IMPLEMENTOS DE SEGURIDAD | F10: =IFERROR(VLOOKUP(Tabla2[[#This Row],[CODIGO]],Tabla1[],5,0),"") -> ALMACEN TICAPAMPA | G10: =IFERROR(VLOOKUP(Tabla2[[#This Row],[CODIGO]],Tabla1[],6,0),"") -> UNI | H10: =IFERROR(VLOOKUP(Tabla2[[#This Row],[CODIGO]],Tabla1[],10,0),"") -> 0 | I10: 1 | J10: Ingreso a Inventario | K10: =IFERROR(VLOOKUP(Tabla2[[#This Row],[CODIGO]],Tabla1[],11,0),"") -> COMPRA | L10: ACOSTA ROJAS, JOSEPH ALFONSO | M10: ACUACHI LANCHIPA ERNESTO ALONSO | N10: 45 | O10: =Tabla2[[#This Row],[CANTIDAD]]*Tabla2[[#This Row],[PREC. UNITARIO]] -> 45 | P10: FAC F001-007926 | R10: =Tabla2[[#This Row],[QUIEN RECIBE]]&"-"&TEXT(Tabla2[[#This Row],[FECHA]],"dd/mm/yyyy") -> ACUACHI LANCHIPA ERNESTO ALONSO-10/09/2025
B11: 45910 | C11: =IFERROR(_xlfn.XLOOKUP(Tabla2[[#This Row],[PRODUCTO]],Tabla1[PRODUCTO],Tabla1[CODIGO]),"") -> IS-4 | D11: Pantalon jeans dama s/marca T/32 | E11: =IFERROR(VLOOKUP(Tabla2[[#This Row],[CODIGO]],Tabla1[],3,0),"") -> IMPLEMENTOS DE SEGURIDAD | F11: =IFERROR(VLOOKUP(Tabla2[[#This Row],[CODIGO]],Tabla1[],5,0),"") -> ALMACEN TICAPAMPA | G11: =IFERROR(VLOOKUP(Tabla2[[#This Row],[CODIGO]],Tabla1[],6,0),"") -> UNI | H11: =IFERROR(VLOOKUP(Tabla2[[#This Row],[CODIGO]],Tabla1[],10,0),"") -> 0 | I11: 1 | J11: Ingreso a Inventario | K11: =IFERROR(VLOOKUP(Tabla2[[#This Row],[CODIGO]],Tabla1[],11,0),"") -> COMPRA | L11: ACOSTA ROJAS, JOSEPH ALFONSO | M11: ACUACHI LANCHIPA ERNESTO ALONSO | N11: 45 | O11: =Tabla2[[#This Row],[CANTIDAD]]*Tabla2[[#This Row],[PREC. UNITARIO]] -> 45 | P11: FAC F001-007926 | R11: =Tabla2[[#This Row],[QUIEN RECIBE]]&"-"&TEXT(Tabla2[[#This Row],[FECHA]],"dd/mm/yyyy") -> ACUACHI LANCHIPA ERNESTO ALONSO-10/09/2025
B12: 45910 | C12: =IFERROR(_xlfn.XLOOKUP(Tabla2[[#This Row],[PRODUCTO]],Tabla1[PRODUCTO],Tabla1[CODIGO]),"") -> IS-5 | D12: Pantalon jeans dama s/maca T/34 | E12: =IFERROR(VLOOKUP(Tabla2[[#This Row],[CODIGO]],Tabla1[],3,0),"") -> IMPLEMENTOS DE SEGURIDAD | F12: =IFERROR(VLOOKUP(Tabla2[[#This Row],[CODIGO]],Tabla1[],5,0),"") -> ALMACEN TICAPAMPA | G12: =IFERROR(VLOOKUP(Tabla2[[#This Row],[CODIGO]],Tabla1[],6,0),"") -> UNI | H12: =IFERROR(VLOOKUP(Tabla2[[#This Row],[CODIGO]],Tabla1[],10,0),"") -> 0 | I12: 1 | J12: Ingreso a Inventario | K12: =IFERROR(VLOOKUP(Tabla2[[#This Row],[CODIGO]],Tabla1[],11,0),"") -> COMPRA | L12: ACOSTA ROJAS, JOSEPH ALFONSO | M12: ACUACHI LANCHIPA ERNESTO ALONSO | N12: 45 | O12: =Tabla2[[#This Row],[CANTIDAD]]*Tabla2[[#This Row],[PREC. UNITARIO]] -> 45 | P12: FAC F001-007926 | R12: =Tabla2[[#This Row],[QUIEN RECIBE]]&"-"&TEXT(Tabla2[[#This Row],[FECHA]],"dd/mm/yyyy") -> ACUACHI LANCHIPA ERNESTO ALONSO-10/09/2025
B13: 45910 | C13: =IFERROR(_xlfn.XLOOKUP(Tabla2[[#This Row],[PRODUCTO]],Tabla1[PRODUCTO],Tabla1[CODIGO]),"") -> IS-6 | D13: Chaleco Steel Power T/2XL | E13: =IFERROR(VLOOKUP(Tabla2[[#This Row],[CODIGO]],Tabla1[],3,0),"") -> IMPLEMENTOS DE SEGURIDAD | F13: =IFERROR(VLOOKUP(Tabla2[[#This Row],[CODIGO]],Tabla1[],5,0),"") -> ALMACEN TICAPAMPA | G13: =IFERROR(VLOOKUP(Tabla2[[#This Row],[CODIGO]],Tabla1[],6,0),"") -> UNI | H13: =IFERROR(VLOOKUP(Tabla2[[#This Row],[CODIGO]],Tabla1[],10,0),"") -> 0 | I13: 2 | J13: Ingreso a Inventario | K13: =IFERROR(VLOOKUP(Tabla2[[#This Row],[CODIGO]],Tabla1[],11,0),"") -> COMPRA | L13: ACOSTA ROJAS, JOSEPH ALFONSO | M13: ACUACHI LANCHIPA ERNESTO ALONSO | N13: 75 | O13: =Tabla2[[#This Row],[CANTIDAD]]*Tabla2[[#This Row],[PREC. UNITARIO]] -> 150 | P13: FAC F001-007926 | R13: =Tabla2[[#This Row],[QUIEN RECIBE]]&"-"&TEXT(Tabla2[[#This Row],[FECHA]],"dd/mm/yyyy") -> ACUACHI LANCHIPA ERNESTO ALONSO-10/09/2025
B14: 45910 | C14: =IFERROR(_xlfn.XLOOKUP(Tabla2[[#This Row],[PRODUCTO]],Tabla1[PRODUCTO],Tabla1[CODIGO]),"") -> IS-7 | D14: Chaleco Steel Power T/L | E14: =IFERROR(VLOOKUP(Tabla2[[#This Row],[CODIGO]],Tabla1[],3,0),"") -> IMPLEMENTOS DE SEGURIDAD | F14: =IFERROR(VLOOKUP(Tabla2[[#This Row],[CODIGO]],Tabla1[],5,0),"") -> ALMACEN TICAPAMPA | G14: =IFERROR(VLOOKUP(Tabla2[[#This Row],[CODIGO]],Tabla1[],6,0),"") -> UNI | H14: =IFERROR(VLOOKUP(Tabla2[[#This Row],[CODIGO]],Tabla1[],10,0),"") -> 0 | I14: 1 | J14: Ingreso a Inventario | K14: =IFERROR(VLOOKUP(Tabla2[[#This Row],[CODIGO]],Tabla1[],11,0),"") -> COMPRA | L14: ACOSTA ROJAS, JOSEPH ALFONSO | M14: ACUACHI LANCHIPA ERNESTO ALONSO | N14: 75 | O14: =Tabla2[[#This Row],[CANTIDAD]]*Tabla2[[#This Row],[PREC. UNITARIO]] -> 75 | P14: FAC F001-007926 | R14: =Tabla2[[#This Row],[QUIEN RECIBE]]&"-"&TEXT(Tabla2[[#This Row],[FECHA]],"dd/mm/yyyy") -> ACUACHI LANCHIPA ERNESTO ALONSO-10/09/2025
B15: 45910 | C15: =IFERROR(_xlfn.XLOOKUP(Tabla2[[#This Row],[PRODUCTO]],Tabla1[PRODUCTO],Tabla1[CODIGO]),"") -> IS-8 | D15: Chaleco Steel Power T/M | E15: =IFERROR(VLOOKUP(Tabla2[[#This Row],[CODIGO]],Tabla1[],3,0),"") -> IMPLEMENTOS DE SEGURIDAD | F15: =IFERROR(VLOOKUP(Tabla2[[#This Row],[CODIGO]],Tabla1[],5,0),"") -> ALMACEN TICAPAMPA | G15: =IFERROR(VLOOKUP(Tabla2[[#This Row],[CODIGO]],Tabla1[],6,0),"") -> UNI | H15: =IFERROR(VLOOKUP(Tabla2[[#This Row],[CODIGO]],Tabla1[],10,0),"") -> 0 | I15: 3 | J15: Ingreso a Inventario | K15: =IFERROR(VLOOKUP(Tabla2[[#This Row],[CODIGO]],Tabla1[],11,0),"") -> COMPRA | L15: ACOSTA ROJAS, JOSEPH ALFONSO | M15: ACUACHI LANCHIPA ERNESTO ALONSO | N15: 75 | O15: =Tabla2[[#This Row],[CANTIDAD]]*Tabla2[[#This Row],[PREC. UNITARIO]] -> 225 | P15: FAC F001-007926 | R15: =Tabla2[[#This Row],[QUIEN RECIBE]]&"-"&TEXT(Tabla2[[#This Row],[FECHA]],"dd/mm/yyyy") -> ACUACHI LANCHIPA ERNESTO ALONSO-10/09/2025
B16: 45910 | C16: =IFERROR(_xlfn.XLOOKUP(Tabla2[[#This Row],[PRODUCTO]],Tabla1[PRODUCTO],Tabla1[CODIGO]),"") -> IS-9 | D16: Camisa varon Fort Sport T/L | E16: =IFERROR(VLOOKUP(Tabla2[[#This Row],[CODIGO]],Tabla1[],3,0),"") -> IMPLEMENTOS DE SEGURIDAD | F16: =IFERROR(VLOOKUP(Tabla2[[#This Row],[CODIGO]],Tabla1[],5,0),"") -> ALMACEN TICAPAMPA | G16: =IFERROR(VLOOKUP(Tabla2[[#This Row],[CODIGO]],Tabla1[],6,0),"") -> UNI | H16: =IFERROR(VLOOKUP(Tabla2[[#This Row],[CODIGO]],Tabla1[],10,0),"") -> 0 | I16: 2 | J16: Ingreso a Inventario | K16: =IFERROR(VLOOKUP(Tabla2[[#This Row],[CODIGO]],Tabla1[],11,0),"") -> COMPRA | L16: ACOSTA ROJAS, JOSEPH ALFONSO | M16: ACUACHI LANCHIPA ERNESTO ALONSO | N16: 38 | O16: =Tabla2[[#This Row],[CANTIDAD]]*Tabla2[[#This Row],[PREC. UNITARIO]] -> 76 | R16: =Tabla2[[#This Row],[QUIEN RECIBE]]&"-"&TEXT(Tabla2[[#This Row],[FECHA]],"dd/mm/yyyy") -> ACUACHI LANCHIPA ERNESTO ALONSO-10/09/2025
B17: 45910 | C17: =IFERROR(_xlfn.XLOOKUP(Tabla2[[#This Row],[PRODUCTO]],Tabla1[PRODUCTO],Tabla1[CODIGO]),"") -> IS-10 | D17: Camisa varon Fort Sport T/XL | E17: =IFERROR(VLOOKUP(Tabla2[[#This Row],[CODIGO]],Tabla1[],3,0),"") -> IMPLEMENTOS DE SEGURIDAD | F17: =IFERROR(VLOOKUP(Tabla2[[#This Row],[CODIGO]],Tabla1[],5,0),"") -> ALMACEN TICAPAMPA | G17: =IFERROR(VLOOKUP(Tabla2[[#This Row],[CODIGO]],Tabla1[],6,0),"") -> UNI | H17: =IFERROR(VLOOKUP(Tabla2[[#This Row],[CODIGO]],Tabla1[],10,0),"") -> 0 | I17: 4 | J17: Ingreso a Inventario | K17: =IFERROR(VLOOKUP(Tabla2[[#This Row],[CODIGO]],Tabla1[],11,0),"") -> COMPRA | L17: ACOSTA ROJAS, JOSEPH ALFONSO | M17: ACUACHI LANCHIPA ERNESTO ALONSO | N17: 38 | O17: =Tabla2[[#This Row],[CANTIDAD]]*Tabla2[[#This Row],[PREC. UNITARIO]] -> 152 | R17: =Tabla2[[#This Row],[QUIEN RECIBE]]&"-"&TEXT(Tabla2[[#This Row],[FECHA]],"dd/mm/yyyy") -> ACUACHI LANCHIPA ERNESTO ALONSO-10/09/2025
B18: 45910 | C18: =IFERROR(_xlfn.XLOOKUP(Tabla2[[#This Row],[PRODUCTO]],Tabla1[PRODUCTO],Tabla1[CODIGO]),"") -> IS-11 | D18: Camisa dama Fort Sport T/M | E18: =IFERROR(VLOOKUP(Tabla2[[#This Row],[CODIGO]],Tabla1[],3,0),"") -> IMPLEMENTOS DE SEGURIDAD | F18: =IFERROR(VLOOKUP(Tabla2[[#This Row],[CODIGO]],Tabla1[],5,0),"") -> ALMACEN TICAPAMPA | G18: =IFERROR(VLOOKUP(Tabla2[[#This Row],[CODIGO]],Tabla1[],6,0),"") -> UNI | H18: =IFERROR(VLOOKUP(Tabla2[[#This Row],[CODIGO]],Tabla1[],10,0),"") -> 0 | I18: 5 | J18: Ingreso a Inventario | K18: =IFERROR(VLOOKUP(Tabla2[[#This Row],[CODIGO]],Tabla1[],11,0),"") -> COMPRA | L18: ACOSTA ROJAS, JOSEPH ALFONSO | M18: ACUACHI LANCHIPA ERNESTO ALONSO | N18: 38 | O18: =Tabla2[[#This Row],[CANTIDAD]]*Tabla2[[#This Row],[PREC. UNITARIO]] -> 190 | R18: =Tabla2[[#This Row],[QUIEN RECIBE]]&"-"&TEXT(Tabla2[[#This Row],[FECHA]],"dd/mm/yyyy") -> ACUACHI LANCHIPA ERNESTO ALONSO-10/09/2025
B19: 45910 | C19: =IFERROR(_xlfn.XLOOKUP(Tabla2[[#This Row],[PRODUCTO]],Tabla1[PRODUCTO],Tabla1[CODIGO]),"") -> IS-12 | D19: Camisa dama Fort Sport T/L | E19: =IFERROR(VLOOKUP(Tabla2[[#This Row],[CODIGO]],Tabla1[],3,0),"") -> IMPLEMENTOS DE SEGURIDAD | F19: =IFERROR(VLOOKUP(Tabla2[[#This Row],[CODIGO]],Tabla1[],5,0),"") -> ALMACEN TICAPAMPA | G19: =IFERROR(VLOOKUP(Tabla2[[#This Row],[CODIGO]],Tabla1[],6,0),"") -> UNI | H19: =IFERROR(VLOOKUP(Tabla2[[#This Row],[CODIGO]],Tabla1[],10,0),"") -> 0 | I19: 1 | J19: Ingreso a Inventario | K19: =IFERROR(VLOOKUP(Tabla2[[#This Row],[CODIGO]],Tabla1[],11,0),"") -> COMPRA | L19: ACOSTA ROJAS, JOSEPH ALFONSO | M19: ACUACHI LANCHIPA ERNESTO ALONSO | N19: 38 | O19: =Tabla2[[#This Row],[CANTIDAD]]*Tabla2[[#This Row],[PREC. UNITARIO]] -> 38 | R19: =Tabla2[[#This Row],[QUIEN RECIBE]]&"-"&TEXT(Tabla2[[#This Row],[FECHA]],"dd/mm/yyyy") -> ACUACHI LANCHIPA ERNESTO ALONSO-10/09/2025
B20: 45910 | C20: =IFERROR(_xlfn.XLOOKUP(Tabla2[[#This Row],[PRODUCTO]],Tabla1[PRODUCTO],Tabla1[CODIGO]),"") -> IS-13 | D20: Pantalon jeans varon m/Jusbrend T/36 | E20: =IFERROR(VLOOKUP(Tabla2[[#This Row],[CODIGO]],Tabla1[],3,0),"") -> IMPLEMENTOS DE SEGURIDAD | F20: =IFERROR(VLOOKUP(Tabla2[[#This Row],[CODIGO]],Tabla1[],5,0),"") -> ALMACEN TICAPAMPA | G20: =IFERROR(VLOOKUP(Tabla2[[#This Row],[CODIGO]],Tabla1[],6,0),"") -> UNI | H20: =IFERROR(VLOOKUP(Tabla2[[#This Row],[CODIGO]],Tabla1[],10,0),"") -> 2 | I20: 1 | J20: Ingreso a Inventario | K20: =IFERROR(VLOOKUP(Tabla2[[#This Row],[CODIGO]],Tabla1[],11,0),"") -> COMPRA | L20: ACOSTA ROJAS, JOSEPH ALFONSO | M20: ACUACHI LANCHIPA ERNESTO ALONSO | N20: 45 | O20: =Tabla2[[#This Row],[CANTIDAD]]*Tabla2[[#This Row],[PREC. UNITARIO]] -> 45 | P20: FAC F001-007926 | R20: =Tabla2[[#This Row],[QUIEN RECIBE]]&"-"&TEXT(Tabla2[[#This Row],[FECHA]],"dd/mm/yyyy") -> ACUACHI LANCHIPA ERNESTO ALONSO-10/09/2025
B21: 45910 | C21: =IFERROR(_xlfn.XLOOKUP(Tabla2[[#This Row],[PRODUCTO]],Tabla1[PRODUCTO],Tabla1[CODIGO]),"") -> IS-14 | D21: Cortaviento diferentes colores | E21: =IFERROR(VLOOKUP(Tabla2[[#This Row],[CODIGO]],Tabla1[],3,0),"") -> IMPLEMENTOS DE SEGURIDAD | F21: =IFERROR(VLOOKUP(Tabla2[[#This Row],[CODIGO]],Tabla1[],5,0),"") -> ALMACEN TICAPAMPA | G21: =IFERROR(VLOOKUP(Tabla2[[#This Row],[CODIGO]],Tabla1[],6,0),"") -> UNI | H21: =IFERROR(VLOOKUP(Tabla2[[#This Row],[CODIGO]],Tabla1[],10,0),"") -> 1 | I21: 30 | J21: Ingreso a Inventario | K21: =IFERROR(VLOOKUP(Tabla2[[#This Row],[CODIGO]],Tabla1[],11,0),"") -> COMPRA | L21: ACOSTA ROJAS, JOSEPH ALFONSO | M21: ACUACHI LANCHIPA ERNESTO ALONSO | N21: 4 | O21: =Tabla2[[#This Row],[CANTIDAD]]*Tabla2[[#This Row],[PREC. UNITARIO]] -> 120 | P21: FAC F001-007926 | R21: =Tabla2[[#This Row],[QUIEN RECIBE]]&"-"&TEXT(Tabla2[[#This Row],[FECHA]],"dd/mm/yyyy") -> ACUACHI LANCHIPA ERNESTO ALONSO-10/09/2025
B22: 45910 | C22: =IFERROR(_xlfn.XLOOKUP(Tabla2[[#This Row],[PRODUCTO]],Tabla1[PRODUCTO],Tabla1[CODIGO]),"") -> IS-15 | D22: Zapato de seguridad Hunter T/40 | E22: =IFERROR(VLOOKUP(Tabla2[[#This Row],[CODIGO]],Tabla1[],3,0),"") -> IMPLEMENTOS DE SEGURIDAD | F22: =IFERROR(VLOOKUP(Tabla2[[#This Row],[CODIGO]],Tabla1[],5,0),"") -> ALMACEN TICAPAMPA | G22: =IFERROR(VLOOKUP(Tabla2[[#This Row],[CODIGO]],Tabla1[],6,0),"") -> PAR | H22: =IFERROR(VLOOKUP(Tabla2[[#This Row],[CODIGO]],Tabla1[],10,0),"") -> 0 | I22: 10 | J22: Ingreso a Inventario | K22: =IFERROR(VLOOKUP(Tabla2[[#This Row],[CODIGO]],Tabla1[],11,0),"") -> COMPRA | L22: ACOSTA ROJAS, JOSEPH ALFONSO | M22: ACUACHI LANCHIPA ERNESTO ALONSO | N22: 63 | O22: =Tabla2[[#This Row],[CANTIDAD]]*Tabla2[[#This Row],[PREC. UNITARIO]] -> 630 | R22: =Tabla2[[#This Row],[QUIEN RECIBE]]&"-"&TEXT(Tabla2[[#This Row],[FECHA]],"dd/mm/yyyy") -> ACUACHI LANCHIPA ERNESTO ALONSO-10/09/2025
B23: 45910 | C23: =IFERROR(_xlfn.XLOOKUP(Tabla2[[#This Row],[PRODUCTO]],Tabla1[PRODUCTO],Tabla1[CODIGO]),"") -> IS-16 | D23: Zapato de seguridad Hunter T/41 | E23: =IFERROR(VLOOKUP(Tabla2[[#This Row],[CODIGO]],Tabla1[],3,0),"") -> IMPLEMENTOS DE SEGURIDAD | F23: =IFERROR(VLOOKUP(Tabla2[[#This Row],[CODIGO]],Tabla1[],5,0),"") -> ALMACEN TICAPAMPA | G23: =IFERROR(VLOOKUP(Tabla2[[#This Row],[CODIGO]],Tabla1[],6,0),"") -> PAR | H23: =IFERROR(VLOOKUP(Tabla2[[#This Row],[CODIGO]],Tabla1[],10,0),"") -> 1 | I23: 3 | J23: Ingreso a Inventario | K23: =IFERROR(VLOOKUP(Tabla2[[#This Row],[CODIGO]],Tabla1[],11,0),"") -> COMPRA | L23: ACOSTA ROJAS, JOSEPH ALFONSO | M23: ACUACHI LANCHIPA ERNESTO ALONSO | N23: 63 | O23: =Tabla2[[#This Row],[CANTIDAD]]*Tabla2[[#This Row],[PREC. UNITARIO]] -> 189 | R23: =Tabla2[[#This Row],[QUIEN RECIBE]]&"-"&TEXT(Tabla2[[#This Row],[FECHA]],"dd/mm/yyyy") -> ACUACHI LANCHIPA ERNESTO ALONSO-10/09/2025
B24: 45910 | C24: =IFERROR(_xlfn.XLOOKUP(Tabla2[[#This Row],[PRODUCTO]],Tabla1[PRODUCTO],Tabla1[CODIGO]),"") -> IS-17 | D24: Zapato de seguridad Hunter T/42 | E24: =IFERROR(VLOOKUP(Tabla2[[#This Row],[CODIGO]],Tabla1[],3,0),"") -> IMPLEMENTOS DE SEGURIDAD | F24: =IFERROR(VLOOKUP(Tabla2[[#This Row],[CODIGO]],Tabla1[],5,0),"") -> ALMACEN TICAPAMPA | G24: =IFERROR(VLOOKUP(Tabla2[[#This Row],[CODIGO]],Tabla1[],6,0),"") -> PAR | H24: =IFERROR(VLOOKUP(Tabla2[[#This Row],[CODIGO]],Tabla1[],10,0),"") -> 0 | I24: 7 | J24: Ingreso a Inventario | K24: =IFERROR(VLOOKUP(Tabla2[[#This Row],[CODIGO]],Tabla1[],11,0),"") -> COMPRA | L24: ACOSTA ROJAS, JOSEPH ALFONSO | M24: ACUACHI LANCHIPA ERNESTO ALONSO | N24: 63 | O24: =Tabla2[[#This Row],[CANTIDAD]]*Tabla2[[#This Row],[PREC. UNITARIO]] -> 441 | R24: =Tabla2[[#This Row],[QUIEN RECIBE]]&"-"&TEXT(Tabla2[[#This Row],[FECHA]],"dd/mm/yyyy") -> ACUACHI LANCHIPA ERNESTO ALONSO-10/09/2025
B25: 45910 | C25: =IFERROR(_xlfn.XLOOKUP(Tabla2[[#This Row],[PRODUCTO]],Tabla1[PRODUCTO],Tabla1[CODIGO]),"") -> IS-18 | D25: Casco de seguridad blanco 3M | E25: =IFERROR(VLOOKUP(Tabla2[[#This Row],[CODIGO]],Tabla1[],3,0),"") -> IMPLEMENTOS DE SEGURIDAD | F25: =IFERROR(VLOOKUP(Tabla2[[#This Row],[CODIGO]],Tabla1[],5,0),"") -> ALMACEN TICAPAMPA | G25: =IFERROR(VLOOKUP(Tabla2[[#This Row],[CODIGO]],Tabla1[],6,0),"") -> UNI | H25: =IFERROR(VLOOKUP(Tabla2[[#This Row],[CODIGO]],Tabla1[],10,0),"") -> 0 | I25: 6 | J25: Ingreso a Inventario | K25: =IFERROR(VLOOKUP(Tabla2[[#This Row],[CODIGO]],Tabla1[],11,0),"") -> COMPRA | L25: ACOSTA ROJAS, JOSEPH ALFONSO | M25: ACUACHI LANCHIPA ERNESTO ALONSO | N25: 45 | O25: =Tabla2[[#This Row],[CANTIDAD]]*Tabla2[[#This Row],[PREC. UNITARIO]] -> 270 | P25: FAC F001-007926 | R25: =Tabla2[[#This Row],[QUIEN RECIBE]]&"-"&TEXT(Tabla2[[#This Row],[FECHA]],"dd/mm/yyyy") -> ACUACHI LANCHIPA ERNESTO ALONSO-10/09/2025
B26: 45910 | C26: =IFERROR(_xlfn.XLOOKUP(Tabla2[[#This Row],[PRODUCTO]],Tabla1[PRODUCTO],Tabla1[CODIGO]),"") -> IS-19 | D26: Casco de seguridad plomo Asthers | E26: =IFERROR(VLOOKUP(Tabla2[[#This Row],[CODIGO]],Tabla1[],3,0),"") -> IMPLEMENTOS DE SEGURIDAD | F26: =IFERROR(VLOOKUP(Tabla2[[#This Row],[CODIGO]],Tabla1[],5,0),"") -> ALMACEN TICAPAMPA | G26: =IFERROR(VLOOKUP(Tabla2[[#This Row],[CODIGO]],Tabla1[],6,0),"") -> UNI | H26: =IFERROR(VLOOKUP(Tabla2[[#This Row],[CODIGO]],Tabla1[],10,0),"") -> 4 | I26: 4 | J26: Ingreso a Inventario | K26: =IFERROR(VLOOKUP(Tabla2[[#This Row],[CODIGO]],Tabla1[],11,0),"") -> COMPRA | L26: ACOSTA ROJAS, JOSEPH ALFONSO | M26: ACUACHI LANCHIPA ERNESTO ALONSO | N26: 6.5 | O26: =Tabla2[[#This Row],[CANTIDAD]]*Tabla2[[#This Row],[PREC. UNITARIO]] -> 26 | P26: FAC F001-007926 | R26: =Tabla2[[#This Row],[QUIEN RECIBE]]&"-"&TEXT(Tabla2[[#This Row],[FECHA]],"dd/mm/yyyy") -> ACUACHI LANCHIPA ERNESTO ALONSO-10/09/2025
B27: 45910 | C27: =IFERROR(_xlfn.XLOOKUP(Tabla2[[#This Row],[PRODUCTO]],Tabla1[PRODUCTO],Tabla1[CODIGO]),"") -> IS-20 | D27: Casco de seguridad azul Asthers | E27: =IFERROR(VLOOKUP(Tabla2[[#This Row],[CODIGO]],Tabla1[],3,0),"") -> IMPLEMENTOS DE SEGURIDAD | F27: =IFERROR(VLOOKUP(Tabla2[[#This Row],[CODIGO]],Tabla1[],5,0),"") -> ALMACEN TICAPAMPA | G27: =IFERROR(VLOOKUP(Tabla2[[#This Row],[CODIGO]],Tabla1[],6,0),"") -> UNI | H27: =IFERROR(VLOOKUP(Tabla2[[#This Row],[CODIGO]],Tabla1[],10,0),"") -> 5 | I27: 10 | J27: Ingreso a Inventario | K27: =IFERROR(VLOOKUP(Tabla2[[#This Row],[CODIGO]],Tabla1[],11,0),"") -> COMPRA | L27: ACOSTA ROJAS, JOSEPH ALFONSO | M27: ACUACHI LANCHIPA ERNESTO ALONSO | N27: 6.5 | O27: =Tabla2[[#This Row],[CANTIDAD]]*Tabla2[[#This Row],[PREC. UNITARIO]] -> 65 | P27: FAC F001-007926 | R27: =Tabla2[[#This Row],[QUIEN RECIBE]]&"-"&TEXT(Tabla2[[#This Row],[FECHA]],"dd/mm/yyyy") -> ACUACHI LANCHIPA ERNESTO ALONSO-10/09/2025
B28: 45910 | C28: =IFERROR(_xlfn.XLOOKUP(Tabla2[[#This Row],[PRODUCTO]],Tabla1[PRODUCTO],Tabla1[CODIGO]),"") -> IS-21 | D28: Casco de seguridad amarillo Asthers | E28: =IFERROR(VLOOKUP(Tabla2[[#This Row],[CODIGO]],Tabla1[],3,0),"") -> IMPLEMENTOS DE SEGURIDAD | F28: =IFERROR(VLOOKUP(Tabla2[[#This Row],[CODIGO]],Tabla1[],5,0),"") -> ALMACEN TICAPAMPA | G28: =IFERROR(VLOOKUP(Tabla2[[#This Row],[CODIGO]],Tabla1[],6,0),"") -> UNI | H28: =IFERROR(VLOOKUP(Tabla2[[#This Row],[CODIGO]],Tabla1[],10,0),"") -> 13 | I28: 20 | J28: Ingreso a Inventario | K28: =IFERROR(VLOOKUP(Tabla2[[#This Row],[CODIGO]],Tabla1[],11,0),"") -> COMPRA | L28: ACOSTA ROJAS, JOSEPH ALFONSO | M28: ACUACHI LANCHIPA ERNESTO ALONSO | N28: 6.5 | O28: =Tabla2[[#This Row],[CANTIDAD]]*Tabla2[[#This Row],[PREC. UNITARIO]] -> 130 | P28: FAC F001-007926 | R28: =Tabla2[[#This Row],[QUIEN RECIBE]]&"-"&TEXT(Tabla2[[#This Row],[FECHA]],"dd/mm/yyyy") -> ACUACHI LANCHIPA ERNESTO ALONSO-10/09/2025
B29: 45910 | C29: =IFERROR(_xlfn.XLOOKUP(Tabla2[[#This Row],[PRODUCTO]],Tabla1[PRODUCTO],Tabla1[CODIGO]),"") -> IS-34 | D29: Accesorio para el casco | E29: =IFERROR(VLOOKUP(Tabla2[[#This Row],[CODIGO]],Tabla1[],3,0),"") -> IMPLEMENTOS DE SEGURIDAD | F29: =IFERROR(VLOOKUP(Tabla2[[#This Row],[CODIGO]],Tabla1[],5,0),"") -> ALMACEN TICAPAMPA | G29: =IFERROR(VLOOKUP(Tabla2[[#This Row],[CODIGO]],Tabla1[],6,0),"") -> UNI | H29: =IFERROR(VLOOKUP(Tabla2[[#This Row],[CODIGO]],Tabla1[],10,0),"") -> 34 | I29: 34 | J29: Ingreso a Inventario | K29: =IFERROR(VLOOKUP(Tabla2[[#This Row],[CODIGO]],Tabla1[],11,0),"") -> COMPRA | L29: ACOSTA ROJAS, JOSEPH ALFONSO | M29: ACUACHI LANCHIPA ERNESTO ALONSO | N29: 0 | O29: =Tabla2[[#This Row],[CANTIDAD]]*Tabla2[[#This Row],[PREC. UNITARIO]] -> 0 | P29: FAC F001-007926 | R29: =Tabla2[[#This Row],[QUIEN RECIBE]]&"-"&TEXT(Tabla2[[#This Row],[FECHA]],"dd/mm/yyyy") -> ACUACHI LANCHIPA ERNESTO ALONSO-10/09/2025
B30: 45910 | C30: =IFERROR(_xlfn.XLOOKUP(Tabla2[[#This Row],[PRODUCTO]],Tabla1[PRODUCTO],Tabla1[CODIGO]),"") -> IS-22 | D30: Malla de seguridad 1m x 50yds Spro | E30: =IFERROR(VLOOKUP(Tabla2[[#This Row],[CODIGO]],Tabla1[],3,0),"") -> IMPLEMENTOS DE SEGURIDAD | F30: =IFERROR(VLOOKUP(Tabla2[[#This Row],[CODIGO]],Tabla1[],5,0),"") -> ALMACEN TICAPAMPA | G30: =IFERROR(VLOOKUP(Tabla2[[#This Row],[CODIGO]],Tabla1[],6,0),"") -> ROL | H30: =IFERROR(VLOOKUP(Tabla2[[#This Row],[CODIGO]],Tabla1[],10,0),"") -> 6 | I30: 6 | J30: Ingreso a Inventario | K30: =IFERROR(VLOOKUP(Tabla2[[#This Row],[CODIGO]],Tabla1[],11,0),"") -> COMPRA | L30: ACOSTA ROJAS, JOSEPH ALFONSO | M30: ACUACHI LANCHIPA ERNESTO ALONSO | N30: 27 | O30: =Tabla2[[#This Row],[CANTIDAD]]*Tabla2[[#This Row],[PREC. UNITARIO]] -> 162 | R30: =Tabla2[[#This Row],[QUIEN RECIBE]]&"-"&TEXT(Tabla2[[#This Row],[FECHA]],"dd/mm/yyyy") -> ACUACHI LANCHIPA ERNESTO ALONSO-10/09/2025
B31: 45910 | C31: =IFERROR(_xlfn.XLOOKUP(Tabla2[[#This Row],[PRODUCTO]],Tabla1[PRODUCTO],Tabla1[CODIGO]),"") -> HM-1 | D31: Pala redonda 71cm Tramontina | E31: =IFERROR(VLOOKUP(Tabla2[[#This Row],[CODIGO]],Tabla1[],3,0),"") -> HERRAMIENTAS | F31: =IFERROR(VLOOKUP(Tabla2[[#This Row],[CODIGO]],Tabla1[],5,0),"") -> ALMACEN TICAPAMPA | G31: =IFERROR(VLOOKUP(Tabla2[[#This Row],[CODIGO]],Tabla1[],6,0),"") -> UNI | H31: =IFERROR(VLOOKUP(Tabla2[[#This Row],[CODIGO]],Tabla1[],10,0),"") -> 15 | I31: 15 | J31: Ingreso a Inventario | K31: =IFERROR(VLOOKUP(Tabla2[[#This Row],[CODIGO]],Tabla1[],11,0),"") -> COMPRA | L31: ACOSTA ROJAS, JOSEPH ALFONSO | M31: ACUACHI LANCHIPA ERNESTO ALONSO | N31: 25 | O31: =Tabla2[[#This Row],[CANTIDAD]]*Tabla2[[#This Row],[PREC. UNITARIO]] -> 375 | R31: =Tabla2[[#This Row],[QUIEN RECIBE]]&"-"&TEXT(Tabla2[[#This Row],[FECHA]],"dd/mm/yyyy") -> ACUACHI LANCHIPA ERNESTO ALONSO-10/09/2025
B32: 45910 | C32: =IFERROR(_xlfn.XLOOKUP(Tabla2[[#This Row],[PRODUCTO]],Tabla1[PRODUCTO],Tabla1[CODIGO]),"") -> IS-23 | D32: Lentes de seguridad luna blanca Spro Startec | E32: =IFERROR(VLOOKUP(Tabla2[[#This Row],[CODIGO]],Tabla1[],3,0),"") -> IMPLEMENTOS DE SEGURIDAD | F32: =IFERROR(VLOOKUP(Tabla2[[#This Row],[CODIGO]],Tabla1[],5,0),"") -> ALMACEN TICAPAMPA | G32: =IFERROR(VLOOKUP(Tabla2[[#This Row],[CODIGO]],Tabla1[],6,0),"") -> UNI | H32: =IFERROR(VLOOKUP(Tabla2[[#This Row],[CODIGO]],Tabla1[],10,0),"") -> 34 | I32: 40 | J32: Ingreso a Inventario | K32: =IFERROR(VLOOKUP(Tabla2[[#This Row],[CODIGO]],Tabla1[],11,0),"") -> COMPRA | L32: ACOSTA ROJAS, JOSEPH ALFONSO | M32: ACUACHI LANCHIPA ERNESTO ALONSO | N32: 4 | O32: =Tabla2[[#This Row],[CANTIDAD]]*Tabla2[[#This Row],[PREC. UNITARIO]] -> 160 | P32: FAC F001-007926 | R32: =Tabla2[[#This Row],[QUIEN RECIBE]]&"-"&TEXT(Tabla2[[#This Row],[FECHA]],"dd/mm/yyyy") -> ACUACHI LANCHIPA ERNESTO ALONSO-10/09/2025
B33: 45910 | C33: =IFERROR(_xlfn.XLOOKUP(Tabla2[[#This Row],[PRODUCTO]],Tabla1[PRODUCTO],Tabla1[CODIGO]),"") -> IS-24 | D33: Mascarilla kn95 3M | E33: =IFERROR(VLOOKUP(Tabla2[[#This Row],[CODIGO]],Tabla1[],3,0),"") -> IMPLEMENTOS DE SEGURIDAD | F33: =IFERROR(VLOOKUP(Tabla2[[#This Row],[CODIGO]],Tabla1[],5,0),"") -> ALMACEN TICAPAMPA | G33: =IFERROR(VLOOKUP(Tabla2[[#This Row],[CODIGO]],Tabla1[],6,0),"") -> UNI | H33: =IFERROR(VLOOKUP(Tabla2[[#This Row],[CODIGO]],Tabla1[],10,0),"") -> 15 | I33: 15 | J33: Ingreso a Inventario | K33: =IFERROR(VLOOKUP(Tabla2[[#This Row],[CODIGO]],Tabla1[],11,0),"") -> COMPRA | L33: ACOSTA ROJAS, JOSEPH ALFONSO | M33: ACUACHI LANCHIPA ERNESTO ALONSO | N33: 10 | O33: =Tabla2[[#This Row],[CANTIDAD]]*Tabla2[[#This Row],[PREC. UNITARIO]] -> 150 | R33: =Tabla2[[#This Row],[QUIEN RECIBE]]&"-"&TEXT(Tabla2[[#This Row],[FECHA]],"dd/mm/yyyy") -> ACUACHI LANCHIPA ERNESTO ALONSO-10/09/2025
B34: 45910 | C34: =IFERROR(_xlfn.XLOOKUP(Tabla2[[#This Row],[PRODUCTO]],Tabla1[PRODUCTO],Tabla1[CODIGO]),"") -> IS-25 | D34: Cubre barbilla Tridente | E34: =IFERROR(VLOOKUP(Tabla2[[#This Row],[CODIGO]],Tabla1[],3,0),"") -> IMPLEMENTOS DE SEGURIDAD | F34: =IFERROR(VLOOKUP(Tabla2[[#This Row],[CODIGO]],Tabla1[],5,0),"") -> ALMACEN TICAPAMPA | G34: =IFERROR(VLOOKUP(Tabla2[[#This Row],[CODIGO]],Tabla1[],6,0),"") -> UNI | H34: =IFERROR(VLOOKUP(Tabla2[[#This Row],[CODIGO]],Tabla1[],10,0),"") -> 25 | I34: 30 | J34: Ingreso a Inventario | K34: =IFERROR(VLOOKUP(Tabla2[[#This Row],[CODIGO]],Tabla1[],11,0),"") -> COMPRA | L34: ACOSTA ROJAS, JOSEPH ALFONSO | M34: ACUACHI LANCHIPA ERNESTO ALONSO | N34: 2 | O34: =Tabla2[[#This Row],[CANTIDAD]]*Tabla2[[#This Row],[PREC. UNITARIO]] -> 60 | R34: =Tabla2[[#This Row],[QUIEN RECIBE]]&"-"&TEXT(Tabla2[[#This Row],[FECHA]],"dd/mm/yyyy") -> ACUACHI LANCHIPA ERNESTO ALONSO-10/09/2025
B35: 45910 | C35: =IFERROR(_xlfn.XLOOKUP(Tabla2[[#This Row],[PRODUCTO]],Tabla1[PRODUCTO],Tabla1[CODIGO]),"") -> IS-26 | D35: Guante de latex #25 Frotex T/9 | E35: =IFERROR(VLOOKUP(Tabla2[[#This Row],[CODIGO]],Tabla1[],3,0),"") -> IMPLEMENTOS DE SEGURIDAD | F35: =IFERROR(VLOOKUP(Tabla2[[#This Row],[CODIGO]],Tabla1[],5,0),"") -> ALMACEN TICAPAMPA | G35: =IFERROR(VLOOKUP(Tabla2[[#This Row],[CODIGO]],Tabla1[],6,0),"") -> UNI | H35: =IFERROR(VLOOKUP(Tabla2[[#This Row],[CODIGO]],Tabla1[],10,0),"") -> 16 | I35: 20 | J35: Ingreso a Inventario | K35: =IFERROR(VLOOKUP(Tabla2[[#This Row],[CODIGO]],Tabla1[],11,0),"") -> COMPRA | L35: ACOSTA ROJAS, JOSEPH ALFONSO | M35: ACUACHI LANCHIPA ERNESTO ALONSO | N35: 8 | O35: =Tabla2[[#This Row],[CANTIDAD]]*Tabla2[[#This Row],[PREC. UNITARIO]] -> 160 | R35: =Tabla2[[#This Row],[QUIEN RECIBE]]&"-"&TEXT(Tabla2[[#This Row],[FECHA]],"dd/mm/yyyy") -> ACUACHI LANCHIPA ERNESTO ALONSO-10/09/2025
B36: 45910 | C36: =IFERROR(_xlfn.XLOOKUP(Tabla2[[#This Row],[PRODUCTO]],Tabla1[PRODUCTO],Tabla1[CODIGO]),"") -> IS-27 | D36: Lentes de seguridad luna blanca Clute/Astros | E36: =IFERROR(VLOOKUP(Tabla2[[#This Row],[CODIGO]],Tabla1[],3,0),"") -> IMPLEMENTOS DE SEGURIDAD | F36: =IFERROR(VLOOKUP(Tabla2[[#This Row],[CODIGO]],Tabla1[],5,0),"") -> ALMACEN TICAPAMPA | G36: =IFERROR(VLOOKUP(Tabla2[[#This Row],[CODIGO]],Tabla1[],6,0),"") -> UNI | H36: =IFERROR(VLOOKUP(Tabla2[[#This Row],[CODIGO]],Tabla1[],10,0),"") -> 100 | I36: 100 | J36: Ingreso a Inventario | K36: =IFERROR(VLOOKUP(Tabla2[[#This Row],[CODIGO]],Tabla1[],11,0),"") -> COMPRA | L36: ACOSTA ROJAS, JOSEPH ALFONSO | M36: ACUACHI LANCHIPA ERNESTO ALONSO | N36: 4 | O36: =Tabla2[[#This Row],[CANTIDAD]]*Tabla2[[#This Row],[PREC. UNITARIO]] -> 400 | P36: FAC F001-007926 | R36: =Tabla2[[#This Row],[QUIEN RECIBE]]&"-"&TEXT(Tabla2[[#This Row],[FECHA]],"dd/mm/yyyy") -> ACUACHI LANCHIPA ERNESTO ALONSO-10/09/2025
B37: 45910 | C37: =IFERROR(_xlfn.XLOOKUP(Tabla2[[#This Row],[PRODUCTO]],Tabla1[PRODUCTO],Tabla1[CODIGO]),"") -> IS-28 | D37: Lentes de seguridad luna oscura Clute/Astros | E37: =IFERROR(VLOOKUP(Tabla2[[#This Row],[CODIGO]],Tabla1[],3,0),"") -> IMPLEMENTOS DE SEGURIDAD | F37: =IFERROR(VLOOKUP(Tabla2[[#This Row],[CODIGO]],Tabla1[],5,0),"") -> ALMACEN TICAPAMPA | G37: =IFERROR(VLOOKUP(Tabla2[[#This Row],[CODIGO]],Tabla1[],6,0),"") -> UNI | H37: =IFERROR(VLOOKUP(Tabla2[[#This Row],[CODIGO]],Tabla1[],10,0),"") -> 32 | I37: 60 | J37: Ingreso a Inventario | K37: =IFERROR(VLOOKUP(Tabla2[[#This Row],[CODIGO]],Tabla1[],11,0),"") -> COMPRA | L37: ACOSTA ROJAS, JOSEPH ALFONSO | M37: ACUACHI LANCHIPA ERNESTO ALONSO | N37: 4 | O37: =Tabla2[[#This Row],[CANTIDAD]]*Tabla2[[#This Row],[PREC. UNITARIO]] -> 240 | P37: FAC F001-007926 | R37: =Tabla2[[#This Row],[QUIEN RECIBE]]&"-"&TEXT(Tabla2[[#This Row],[FECHA]],"dd/mm/yyyy") -> ACUACHI LANCHIPA ERNESTO ALONSO-10/09/2025
B38: 45910 | C38: =IFERROR(_xlfn.XLOOKUP(Tabla2[[#This Row],[PRODUCTO]],Tabla1[PRODUCTO],Tabla1[CODIGO]),"") -> IS-29 | D38: Cinta de seguridad No Pasar | E38: =IFERROR(VLOOKUP(Tabla2[[#This Row],[CODIGO]],Tabla1[],3,0),"") -> IMPLEMENTOS DE SEGURIDAD | F38: =IFERROR(VLOOKUP(Tabla2[[#This Row],[CODIGO]],Tabla1[],5,0),"") -> ALMACEN TICAPAMPA | G38: =IFERROR(VLOOKUP(Tabla2[[#This Row],[CODIGO]],Tabla1[],6,0),"") -> ROL | H38: =IFERROR(VLOOKUP(Tabla2[[#This Row],[CODIGO]],Tabla1[],10,0),"") -> 6 | I38: 6 | J38: Ingreso a Inventario | K38: =IFERROR(VLOOKUP(Tabla2[[#This Row],[CODIGO]],Tabla1[],11,0),"") -> COMPRA | L38: ACOSTA ROJAS, JOSEPH ALFONSO | M38: ACUACHI LANCHIPA ERNESTO ALONSO | N38: 22 | O38: =Tabla2[[#This Row],[CANTIDAD]]*Tabla2[[#This Row],[PREC. UNITARIO]] -> 132 | R38: =Tabla2[[#This Row],[QUIEN RECIBE]]&"-"&TEXT(Tabla2[[#This Row],[FECHA]],"dd/mm/yyyy") -> ACUACHI LANCHIPA ERNESTO ALONSO-10/09/2025
B39: 45910 | C39: =IFERROR(_xlfn.XLOOKUP(Tabla2[[#This Row],[PRODUCTO]],Tabla1[PRODUCTO],Tabla1[CODIGO]),"") -> IS-30 | D39: Guantes de seguridad Winsafety T/8 | E39: =IFERROR(VLOOKUP(Tabla2[[#This Row],[CODIGO]],Tabla1[],3,0),"") -> IMPLEMENTOS DE SEGURIDAD | F39: =IFERROR(VLOOKUP(Tabla2[[#This Row],[CODIGO]],Tabla1[],5,0),"") -> ALMACEN TICAPAMPA | G39: =IFERROR(VLOOKUP(Tabla2[[#This Row],[CODIGO]],Tabla1[],6,0),"") -> UNI | H39: =IFERROR(VLOOKUP(Tabla2[[#This Row],[CODIGO]],Tabla1[],10,0),"") -> 99 | I39: 240 | J39: Ingreso a Inventario | K39: =IFERROR(VLOOKUP(Tabla2[[#This Row],[CODIGO]],Tabla1[],11,0),"") -> COMPRA | L39: ACOSTA ROJAS, JOSEPH ALFONSO | M39: ACUACHI LANCHIPA ERNESTO ALONSO | N39: 8 | O39: =Tabla2[[#This Row],[CANTIDAD]]*Tabla2[[#This Row],[PREC. UNITARIO]] -> 1920 | P39: FAC F001-007926 | R39: =Tabla2[[#This Row],[QUIEN RECIBE]]&"-"&TEXT(Tabla2[[#This Row],[FECHA]],"dd/mm/yyyy") -> ACUACHI LANCHIPA ERNESTO ALONSO-10/09/2025
B40: 45910 | C40: =IFERROR(_xlfn.XLOOKUP(Tabla2[[#This Row],[PRODUCTO]],Tabla1[PRODUCTO],Tabla1[CODIGO]),"") -> IS-31 | D40: Chaleco drill T/L | E40: =IFERROR(VLOOKUP(Tabla2[[#This Row],[CODIGO]],Tabla1[],3,0),"") -> IMPLEMENTOS DE SEGURIDAD | F40: =IFERROR(VLOOKUP(Tabla2[[#This Row],[CODIGO]],Tabla1[],5,0),"") -> ALMACEN TICAPAMPA | G40: =IFERROR(VLOOKUP(Tabla2[[#This Row],[CODIGO]],Tabla1[],6,0),"") -> UNI | H40: =IFERROR(VLOOKUP(Tabla2[[#This Row],[CODIGO]],Tabla1[],10,0),"") -> 0 | I40: 20 | J40: Ingreso a Inventario | K40: =IFERROR(VLOOKUP(Tabla2[[#This Row],[CODIGO]],Tabla1[],11,0),"") -> COMPRA | L40: ACOSTA ROJAS, JOSEPH ALFONSO | M40: ACUACHI LANCHIPA ERNESTO ALONSO | N40: 22 | O40: =Tabla2[[#This Row],[CANTIDAD]]*Tabla2[[#This Row],[PREC. UNITARIO]] -> 440 | P40: FAC F001-007926 | R40: =Tabla2[[#This Row],[QUIEN RECIBE]]&"-"&TEXT(Tabla2[[#This Row],[FECHA]],"dd/mm/yyyy") -> ACUACHI LANCHIPA ERNESTO ALONSO-10/09/2025
B41: 45910 | C41: =IFERROR(_xlfn.XLOOKUP(Tabla2[[#This Row],[PRODUCTO]],Tabla1[PRODUCTO],Tabla1[CODIGO]),"") -> IS-32 | D41: Chaleco drill T/XL | E41: =IFERROR(VLOOKUP(Tabla2[[#This Row],[CODIGO]],Tabla1[],3,0),"") -> IMPLEMENTOS DE SEGURIDAD | F41: =IFERROR(VLOOKUP(Tabla2[[#This Row],[CODIGO]],Tabla1[],5,0),"") -> ALMACEN TICAPAMPA | G41: =IFERROR(VLOOKUP(Tabla2[[#This Row],[CODIGO]],Tabla1[],6,0),"") -> UNI | H41: =IFERROR(VLOOKUP(Tabla2[[#This Row],[CODIGO]],Tabla1[],10,0),"") -> 5 | I41: 30 | J41: Ingreso a Inventario | K41: =IFERROR(VLOOKUP(Tabla2[[#This Row],[CODIGO]],Tabla1[],11,0),"") -> COMPRA | L41: ACOSTA ROJAS, JOSEPH ALFONSO | M41: ACUACHI LANCHIPA ERNESTO ALONSO | N41: 22 | O41: =Tabla2[[#This Row],[CANTIDAD]]*Tabla2[[#This Row],[PREC. UNITARIO]] -> 660 | P41: FAC F001-007926 | R41: =Tabla2[[#This Row],[QUIEN RECIBE]]&"-"&TEXT(Tabla2[[#This Row],[FECHA]],"dd/mm/yyyy") -> ACUACHI LANCHIPA ERNESTO ALONSO-10/09/2025
B42: 45910 | C42: =IFERROR(_xlfn.XLOOKUP(Tabla2[[#This Row],[PRODUCTO]],Tabla1[PRODUCTO],Tabla1[CODIGO]),"") -> IS-33 | D42: Chaleco drill T/XXL | E42: =IFERROR(VLOOKUP(Tabla2[[#This Row],[CODIGO]],Tabla1[],3,0),"") -> IMPLEMENTOS DE SEGURIDAD | F42: =IFERROR(VLOOKUP(Tabla2[[#This Row],[CODIGO]],Tabla1[],5,0),"") -> ALMACEN TICAPAMPA | G42: =IFERROR(VLOOKUP(Tabla2[[#This Row],[CODIGO]],Tabla1[],6,0),"") -> UNI | H42: =IFERROR(VLOOKUP(Tabla2[[#This Row],[CODIGO]],Tabla1[],10,0),"") -> 1 | I42: 10 | J42: Ingreso a Inventario | K42: =IFERROR(VLOOKUP(Tabla2[[#This Row],[CODIGO]],Tabla1[],11,0),"") -> COMPRA | L42: ACOSTA ROJAS, JOSEPH ALFONSO | M42: ACUACHI LANCHIPA ERNESTO ALONSO | N42: 22 | O42: =Tabla2[[#This Row],[CANTIDAD]]*Tabla2[[#This Row],[PREC. UNITARIO]] -> 220 | P42: FAC F001-007926 | R42: =Tabla2[[#This Row],[QUIEN RECIBE]]&"-"&TEXT(Tabla2[[#This Row],[FECHA]],"dd/mm/yyyy") -> ACUACHI LANCHIPA ERNESTO ALONSO-10/09/2025
B43: 45906 | C43: =IFERROR(_xlfn.XLOOKUP(Tabla2[[#This Row],[PRODUCTO]],Tabla1[PRODUCTO],Tabla1[CODIGO]),"") -> CAR-1 | D43: Plancha de Triplay 4mm | E43: =IFERROR(VLOOKUP(Tabla2[[#This Row],[CODIGO]],Tabla1[],3,0),"") -> CARPINTERIA | F43: =IFERROR(VLOOKUP(Tabla2[[#This Row],[CODIGO]],Tabla1[],5,0),"") -> ALMACEN TICAPAMPA | G43: =IFERROR(VLOOKUP(Tabla2[[#This Row],[CODIGO]],Tabla1[],6,0),"") -> UNI | H43: =IFERROR(VLOOKUP(Tabla2[[#This Row],[CODIGO]],Tabla1[],10,0),"") -> 32 | I43: 33 | J43: Implementación del campamento | K43: =IFERROR(VLOOKUP(Tabla2[[#This Row],[CODIGO]],Tabla1[],11,0),"") -> COMPRA | L43: ACOSTA ROJAS, JOSEPH ALFONSO | M43: ACUACHI LANCHIPA ERNESTO ALONSO | N43: 26 | O43: =Tabla2[[#This Row],[CANTIDAD]]*Tabla2[[#This Row],[PREC. UNITARIO]] -> 858 | P43: GR TE07-00001389 | R43: =Tabla2[[#This Row],[QUIEN RECIBE]]&"-"&TEXT(Tabla2[[#This Row],[FECHA]],"dd/mm/yyyy") -> ACUACHI LANCHIPA ERNESTO ALONSO-06/09/2025
B44: 45906 | C44: =IFERROR(_xlfn.XLOOKUP(Tabla2[[#This Row],[PRODUCTO]],Tabla1[PRODUCTO],Tabla1[CODIGO]),"") -> FER-1 | D44: Plancha de calamina galvanizada | E44: =IFERROR(VLOOKUP(Tabla2[[#This Row],[CODIGO]],Tabla1[],3,0),"") -> FERRETERIA | F44: =IFERROR(VLOOKUP(Tabla2[[#This Row],[CODIGO]],Tabla1[],5,0),"") -> ALMACEN TICAPAMPA | G44: =IFERROR(VLOOKUP(Tabla2[[#This Row],[CODIGO]],Tabla1[],6,0),"") -> UNI | H44: =IFERROR(VLOOKUP(Tabla2[[#This Row],[CODIGO]],Tabla1[],10,0),"") -> 63 | I44: 100 | J44: Implementación del campamento | K44: =IFERROR(VLOOKUP(Tabla2[[#This Row],[CODIGO]],Tabla1[],11,0),"") -> COMPRA | L44: ACOSTA ROJAS, JOSEPH ALFONSO | M44: ACUACHI LANCHIPA ERNESTO ALONSO | N44: 24 | O44: =Tabla2[[#This Row],[CANTIDAD]]*Tabla2[[#This Row],[PREC. UNITARIO]] -> 2400 | P44: GR TE07-00001389 | R44: =Tabla2[[#This Row],[QUIEN RECIBE]]&"-"&TEXT(Tabla2[[#This Row],[FECHA]],"dd/mm/yyyy") -> ACUACHI LANCHIPA ERNESTO ALONSO-06/09/2025
B45: 45906 | C45: =IFERROR(_xlfn.XLOOKUP(Tabla2[[#This Row],[PRODUCTO]],Tabla1[PRODUCTO],Tabla1[CODIGO]),"") -> AF-1 | D45: Alambre #16 | E45: =IFERROR(VLOOKUP(Tabla2[[#This Row],[CODIGO]],Tabla1[],3,0),"") -> ALAMBRES Y FIERROS | F45: =IFERROR(VLOOKUP(Tabla2[[#This Row],[CODIGO]],Tabla1[],5,0),"") -> ALMACEN TICAPAMPA | G45: =IFERROR(VLOOKUP(Tabla2[[#This Row],[CODIGO]],Tabla1[],6,0),"") -> ROL | H45: =IFERROR(VLOOKUP(Tabla2[[#This Row],[CODIGO]],Tabla1[],10,0),"") -> 4 | I45: 4 | J45: Implementación del campamento | K45: =IFERROR(VLOOKUP(Tabla2[[#This Row],[CODIGO]],Tabla1[],11,0),"") -> COMPRA | L45: ACOSTA ROJAS, JOSEPH ALFONSO | M45: ACUACHI LANCHIPA ERNESTO ALONSO | N45: 430 | O45: =Tabla2[[#This Row],[CANTIDAD]]*Tabla2[[#This Row],[PREC. UNITARIO]] -> 1720 | P45: GR TE07-00001389 | R45: =Tabla2[[#This Row],[QUIEN RECIBE]]&"-"&TEXT(Tabla2[[#This Row],[FECHA]],"dd/mm/yyyy") -> ACUACHI LANCHIPA ERNESTO ALONSO-06/09/2025
B46: 45906 | C46: =IFERROR(_xlfn.XLOOKUP(Tabla2[[#This Row],[PRODUCTO]],Tabla1[PRODUCTO],Tabla1[CODIGO]),"") -> AF-2 | D46: Alambre #8 | E46: =IFERROR(VLOOKUP(Tabla2[[#This Row],[CODIGO]],Tabla1[],3,0),"") -> ALAMBRES Y FIERROS | F46: =IFERROR(VLOOKUP(Tabla2[[#This Row],[CODIGO]],Tabla1[],5,0),"") -> ALMACEN TICAPAMPA | G46: =IFERROR(VLOOKUP(Tabla2[[#This Row],[CODIGO]],Tabla1[],6,0),"") -> ROL | H46: =IFERROR(VLOOKUP(Tabla2[[#This Row],[CODIGO]],Tabla1[],10,0),"") -> 6 | I46: 4 | J46: Implementación del campamento | K46: =IFERROR(VLOOKUP(Tabla2[[#This Row],[CODIGO]],Tabla1[],11,0),"") -> COMPRA | L46: ACOSTA ROJAS, JOSEPH ALFONSO | M46: ACUACHI LANCHIPA ERNESTO ALONSO | N46: 430 | O46: =Tabla2[[#This Row],[CANTIDAD]]*Tabla2[[#This Row],[PREC. UNITARIO]] -> 1720 | P46: GR TE07-00001389 | R46: =Tabla2[[#This Row],[QUIEN RECIBE]]&"-"&TEXT(Tabla2[[#This Row],[FECHA]],"dd/mm/yyyy") -> ACUACHI LANCHIPA ERNESTO ALONSO-06/09/2025
B47: 45906 | C47: =IFERROR(_xlfn.XLOOKUP(Tabla2[[#This Row],[PRODUCTO]],Tabla1[PRODUCTO],Tabla1[CODIGO]),"") -> CLA-1 | D47: Clavo para madera 2" con cabeza | E47: =IFERROR(VLOOKUP(Tabla2[[#This Row],[CODIGO]],Tabla1[],3,0),"") -> CLAVOS | F47: =IFERROR(VLOOKUP(Tabla2[[#This Row],[CODIGO]],Tabla1[],5,0),"") -> ALMACEN TICAPAMPA | G47: =IFERROR(VLOOKUP(Tabla2[[#This Row],[CODIGO]],Tabla1[],6,0),"") -> CAJ | H47: =IFERROR(VLOOKUP(Tabla2[[#This Row],[CODIGO]],Tabla1[],10,0),"") -> 2 | I47: 2 | J47: Implementación del campamento | K47: =IFERROR(VLOOKUP(Tabla2[[#This Row],[CODIGO]],Tabla1[],11,0),"") -> COMPRA | L47: ACOSTA ROJAS, JOSEPH ALFONSO | M47: ACUACHI LANCHIPA ERNESTO ALONSO | N47: 155 | O47: =Tabla2[[#This Row],[CANTIDAD]]*Tabla2[[#This Row],[PREC. UNITARIO]] -> 310 | P47: GR TE07-00001389 | R47: =Tabla2[[#This Row],[QUIEN RECIBE]]&"-"&TEXT(Tabla2[[#This Row],[FECHA]],"dd/mm/yyyy") -> ACUACHI LANCHIPA ERNESTO ALONSO-06/09/2025
B48: 45906 | C48: =IFERROR(_xlfn.XLOOKUP(Tabla2[[#This Row],[PRODUCTO]],Tabla1[PRODUCTO],Tabla1[CODIGO]),"") -> CLA-2 | D48: Clavo para madera 3" con cabeza | E48: =IFERROR(VLOOKUP(Tabla2[[#This Row],[CODIGO]],Tabla1[],3,0),"") -> CLAVOS | F48: =IFERROR(VLOOKUP(Tabla2[[#This Row],[CODIGO]],Tabla1[],5,0),"") -> ALMACEN TICAPAMPA | G48: =IFERROR(VLOOKUP(Tabla2[[#This Row],[CODIGO]],Tabla1[],6,0),"") -> CAJ | H48: =IFERROR(VLOOKUP(Tabla2[[#This Row],[CODIGO]],Tabla1[],10,0),"") -> 2 | I48: 2 | J48: Implementación del campamento | K48: =IFERROR(VLOOKUP(Tabla2[[#This Row],[CODIGO]],Tabla1[],11,0),"") -> COMPRA | L48: ACOSTA ROJAS, JOSEPH ALFONSO | M48: ACUACHI LANCHIPA ERNESTO ALONSO | N48: 155 | O48: =Tabla2[[#This Row],[CANTIDAD]]*Tabla2[[#This Row],[PREC. UNITARIO]] -> 310 | P48: GR TE07-00001389 | R48: =Tabla2[[#This Row],[QUIEN RECIBE]]&"-"&TEXT(Tabla2[[#This Row],[FECHA]],"dd/mm/yyyy") -> ACUACHI LANCHIPA ERNESTO ALONSO-06/09/2025
B49: 45906 | C49: =IFERROR(_xlfn.XLOOKUP(Tabla2[[#This Row],[PRODUCTO]],Tabla1[PRODUCTO],Tabla1[CODIGO]),"") -> CLA-3 | D49: Clavo para madera 4" con cabeza | E49: =IFERROR(VLOOKUP(Tabla2[[#This Row],[CODIGO]],Tabla1[],3,0),"") -> CLAVOS | F49: =IFERROR(VLOOKUP(Tabla2[[#This Row],[CODIGO]],Tabla1[],5,0),"") -> ALMACEN TICAPAMPA | G49: =IFERROR(VLOOKUP(Tabla2[[#This Row],[CODIGO]],Tabla1[],6,0),"") -> CAJ | H49: =IFERROR(VLOOKUP(Tabla2[[#This Row],[CODIGO]],Tabla1[],10,0),"") -> 5 | I49: 4 | J49: Implementación del campamento | K49: =IFERROR(VLOOKUP(Tabla2[[#This Row],[CODIGO]],Tabla1[],11,0),"") -> COMPRA | L49: ACOSTA ROJAS, JOSEPH ALFONSO | M49: ACUACHI LANCHIPA ERNESTO ALONSO | N49: 155 | O49: =Tabla2[[#This Row],[CANTIDAD]]*Tabla2[[#This Row],[PREC. UNITARIO]] -> 620 | P49: GR TE07-00001389 | R49: =Tabla2[[#This Row],[QUIEN RECIBE]]&"-"&TEXT(Tabla2[[#This Row],[FECHA]],"dd/mm/yyyy") -> ACUACHI LANCHIPA ERNESTO ALONSO-06/09/2025
B50: 45906 | C50: =IFERROR(_xlfn.XLOOKUP(Tabla2[[#This Row],[PRODUCTO]],Tabla1[PRODUCTO],Tabla1[CODIGO]),"") -> CLA-4 | D50: Clavo para madera 1" con cabeza | E50: =IFERROR(VLOOKUP(Tabla2[[#This Row],[CODIGO]],Tabla1[],3,0),"") -> CLAVOS | F50: =IFERROR(VLOOKUP(Tabla2[[#This Row],[CODIGO]],Tabla1[],5,0),"") -> ALMACEN TICAPAMPA | G50: =IFERROR(VLOOKUP(Tabla2[[#This Row],[CODIGO]],Tabla1[],6,0),"") -> CAJ | H50: =IFERROR(VLOOKUP(Tabla2[[#This Row],[CODIGO]],Tabla1[],10,0),"") -> 1 | I50: 1 | J50: Implementación del campamento | K50: =IFERROR(VLOOKUP(Tabla2[[#This Row],[CODIGO]],Tabla1[],11,0),"") -> COMPRA | L50: ACOSTA ROJAS, JOSEPH ALFONSO | M50: ACUACHI LANCHIPA ERNESTO ALONSO | N50: 160 | O50: =Tabla2[[#This Row],[CANTIDAD]]*Tabla2[[#This Row],[PREC. UNITARIO]] -> 160 | P50: GR TE07-00001389 | R50: =Tabla2[[#This Row],[QUIEN RECIBE]]&"-"&TEXT(Tabla2[[#This Row],[FECHA]],"dd/mm/yyyy") -> ACUACHI LANCHIPA ERNESTO ALONSO-06/09/2025
... B52: 45906 | C52: =IFERROR(_xlfn.XLOOKUP(Tabla2[[#This Row],[PRODUCTO]],Tabla1[PRODUCTO],Tabla1[CODIGO]),"") -> IE-2 | D52: Soquete para techo | E52: =IFERROR(VLOOKUP(Tabla2[[#This Row],[CODIGO]],Tabla1[],3,0),"") -> INSTALACIONES ELECTRICAS | F52: =IFERROR(VLOOKUP(Tabla2[[#This Row],[CODIGO]],Tabla1[],5,0),"") -> ALMACEN TICAPAMPA | G52: =IFERROR(VLOOKUP(Tabla2[[#This Row],[CODIGO]],Tabla1[],6,0),"") -> UNI | H52: =IFERROR(VLOOKUP(Tabla2[[#This Row],[CODIGO]],Tabla1[],10,0),"") -> 13 | I52: 13 | J52: Implementación del campamento | K52: =IFERROR(VLOOKUP(Tabla2[[#This Row],[CODIGO]],Tabla1[],11,0),"") -> COMPRA | L52: ACOSTA ROJAS, JOSEPH ALFONSO | M52: ACUACHI LANCHIPA ERNESTO ALONSO | N52: 5 | O52: =Tabla2[[#This Row],[CANTIDAD]]*Tabla2[[#This Row],[PREC. UNITARIO]] -> 65 | P52: GR TE07-00001389 | R52: =Tabla2[[#This Row],[QUIEN RECIBE]]&"-"&TEXT(Tabla2[[#This Row],[FECHA]],"dd/mm/yyyy") -> ACUACHI LANCHIPA ERNESTO ALONSO-06/09/2025
B53: 45906 | C53: =IFERROR(_xlfn.XLOOKUP(Tabla2[[#This Row],[PRODUCTO]],Tabla1[PRODUCTO],Tabla1[CODIGO]),"") -> IE-3 | D53: Foco simple blanco Opalux 15W | E53: =IFERROR(VLOOKUP(Tabla2[[#This Row],[CODIGO]],Tabla1[],3,0),"") -> INSTALACIONES ELECTRICAS | F53: =IFERROR(VLOOKUP(Tabla2[[#This Row],[CODIGO]],Tabla1[],5,0),"") -> ALMACEN TICAPAMPA | G53: =IFERROR(VLOOKUP(Tabla2[[#This Row],[CODIGO]],Tabla1[],6,0),"") -> UNI | H53: =IFERROR(VLOOKUP(Tabla2[[#This Row],[CODIGO]],Tabla1[],10,0),"") -> 55 | I53: 28 | J53: Implementación del campamento | K53: COMPRA | L53: ACOSTA ROJAS, JOSEPH ALFONSO | M53: ACUACHI LANCHIPA ERNESTO ALONSO | N53: 10 | O53: =Tabla2[[#This Row],[CANTIDAD]]*Tabla2[[#This Row],[PREC. UNITARIO]] -> 280 | P53: GR TE07-00001389 | R53: =Tabla2[[#This Row],[QUIEN RECIBE]]&"-"&TEXT(Tabla2[[#This Row],[FECHA]],"dd/mm/yyyy") -> ACUACHI LANCHIPA ERNESTO ALONSO-06/09/2025
B54: 45906 | C54: =IFERROR(_xlfn.XLOOKUP(Tabla2[[#This Row],[PRODUCTO]],Tabla1[PRODUCTO],Tabla1[CODIGO]),"") -> IE-4 | D54: Tomacorriente doble | E54: =IFERROR(VLOOKUP(Tabla2[[#This Row],[CODIGO]],Tabla1[],3,0),"") -> INSTALACIONES ELECTRICAS | F54: =IFERROR(VLOOKUP(Tabla2[[#This Row],[CODIGO]],Tabla1[],5,0),"") -> ALMACEN TICAPAMPA | G54: =IFERROR(VLOOKUP(Tabla2[[#This Row],[CODIGO]],Tabla1[],6,0),"") -> UNI | H54: =IFERROR(VLOOKUP(Tabla2[[#This Row],[CODIGO]],Tabla1[],10,0),"") -> 10 | I54: 10 | J54: Implementación del campamento | K54: =IFERROR(VLOOKUP(Tabla2[[#This Row],[CODIGO]],Tabla1[],11,0),"") -> COMPRA | L54: ACOSTA ROJAS, JOSEPH ALFONSO | M54: ACUACHI LANCHIPA ERNESTO ALONSO | N54: 8.5 | O54: =Tabla2[[#This Row],[CANTIDAD]]*Tabla2[[#This Row],[PREC. UNITARIO]] -> 85 | P54: GR TE07-00001389 | R54: =Tabla2[[#This Row],[QUIEN RECIBE]]&"-"&TEXT(Tabla2[[#This Row],[FECHA]],"dd/mm/yyyy") -> ACUACHI LANCHIPA ERNESTO ALONSO-06/09/2025
B55: 45906 | C55: =IFERROR(_xlfn.XLOOKUP(Tabla2[[#This Row],[PRODUCTO]],Tabla1[PRODUCTO],Tabla1[CODIGO]),"") -> IE-5 | D55: Interruptor simple | E55: =IFERROR(VLOOKUP(Tabla2[[#This Row],[CODIGO]],Tabla1[],3,0),"") -> INSTALACIONES ELECTRICAS | F55: =IFERROR(VLOOKUP(Tabla2[[#This Row],[CODIGO]],Tabla1[],5,0),"") -> ALMACEN TICAPAMPA | G55: =IFERROR(VLOOKUP(Tabla2[[#This Row],[CODIGO]],Tabla1[],6,0),"") -> UNI | H55: =IFERROR(VLOOKUP(Tabla2[[#This Row],[CODIGO]],Tabla1[],10,0),"") -> 11 | I55: 11 | J55: Implementación del campamento | K55: =IFERROR(VLOOKUP(Tabla2[[#This Row],[CODIGO]],Tabla1[],11,0),"") -> COMPRA | L55: ACOSTA ROJAS, JOSEPH ALFONSO | M55: ACUACHI LANCHIPA ERNESTO ALONSO | N55: 6.5 | O55: =Tabla2[[#This Row],[CANTIDAD]]*Tabla2[[#This Row],[PREC. UNITARIO]] -> 71.5 | P55: GR TE07-00001389 | R55: =Tabla2[[#This Row],[QUIEN RECIBE]]&"-"&TEXT(Tabla2[[#This Row],[FECHA]],"dd/mm/yyyy") -> ACUACHI LANCHIPA ERNESTO ALONSO-06/09/2025
B56: 45906 | C56: =IFERROR(_xlfn.XLOOKUP(Tabla2[[#This Row],[PRODUCTO]],Tabla1[PRODUCTO],Tabla1[CODIGO]),"") -> IE-6 | D56: Cable electrico #14 | E56: =IFERROR(VLOOKUP(Tabla2[[#This Row],[CODIGO]],Tabla1[],3,0),"") -> INSTALACIONES ELECTRICAS | F56: =IFERROR(VLOOKUP(Tabla2[[#This Row],[CODIGO]],Tabla1[],5,0),"") -> ALMACEN TICAPAMPA | G56: =IFERROR(VLOOKUP(Tabla2[[#This Row],[CODIGO]],Tabla1[],6,0),"") -> ROL | H56: =IFERROR(VLOOKUP(Tabla2[[#This Row],[CODIGO]],Tabla1[],10,0),"") -> 2 | I56: 2 | J56: Implementación del campamento | K56: =IFERROR(VLOOKUP(Tabla2[[#This Row],[CODIGO]],Tabla1[],11,0),"") -> COMPRA | L56: ACOSTA ROJAS, JOSEPH ALFONSO | M56: ACUACHI LANCHIPA ERNESTO ALONSO | N56: 200 | O56: =Tabla2[[#This Row],[CANTIDAD]]*Tabla2[[#This Row],[PREC. UNITARIO]] -> 400 | P56: GR TE07-00001389 | R56: =Tabla2[[#This Row],[QUIEN RECIBE]]&"-"&TEXT(Tabla2[[#This Row],[FECHA]],"dd/mm/yyyy") -> ACUACHI LANCHIPA ERNESTO ALONSO-06/09/2025
B57: 45906 | C57: =IFERROR(_xlfn.XLOOKUP(Tabla2[[#This Row],[PRODUCTO]],Tabla1[PRODUCTO],Tabla1[CODIGO]),"") -> ISA-1 | D57: Reducción chavo hilo fino con salida 1/2" | E57: =IFERROR(VLOOKUP(Tabla2[[#This Row],[CODIGO]],Tabla1[],3,0),"") -> INSTALACIONES SANITARIAS | F57: =IFERROR(VLOOKUP(Tabla2[[#This Row],[CODIGO]],Tabla1[],5,0),"") -> ALMACEN TICAPAMPA | G57: =IFERROR(VLOOKUP(Tabla2[[#This Row],[CODIGO]],Tabla1[],6,0),"") -> UNI | H57: =IFERROR(VLOOKUP(Tabla2[[#This Row],[CODIGO]],Tabla1[],10,0),"") -> 7 | I57: 7 | J57: Implementación del campamento | K57: =IFERROR(VLOOKUP(Tabla2[[#This Row],[CODIGO]],Tabla1[],11,0),"") -> COMPRA | L57: ACOSTA ROJAS, JOSEPH ALFONSO | M57: ACUACHI LANCHIPA ERNESTO ALONSO | N57: 15 | O57: =Tabla2[[#This Row],[CANTIDAD]]*Tabla2[[#This Row],[PREC. UNITARIO]] -> 105 | P57: GR TE07-00001389 | R57: =Tabla2[[#This Row],[QUIEN RECIBE]]&"-"&TEXT(Tabla2[[#This Row],[FECHA]],"dd/mm/yyyy") -> ACUACHI LANCHIPA ERNESTO ALONSO-06/09/2025
B58: 45906 | C58: =IFERROR(_xlfn.XLOOKUP(Tabla2[[#This Row],[PRODUCTO]],Tabla1[PRODUCTO],Tabla1[CODIGO]),"") -> ISA-2 | D58: Tubo de PVC 1/2" agua | E58: =IFERROR(VLOOKUP(Tabla2[[#This Row],[CODIGO]],Tabla1[],3,0),"") -> INSTALACIONES SANITARIAS | F58: =IFERROR(VLOOKUP(Tabla2[[#This Row],[CODIGO]],Tabla1[],5,0),"") -> ALMACEN TICAPAMPA | G58: =IFERROR(VLOOKUP(Tabla2[[#This Row],[CODIGO]],Tabla1[],6,0),"") -> UNI | H58: =IFERROR(VLOOKUP(Tabla2[[#This Row],[CODIGO]],Tabla1[],10,0),"") -> 10 | I58: 10 | J58: Implementación del campamento | K58: =IFERROR(VLOOKUP(Tabla2[[#This Row],[CODIGO]],Tabla1[],11,0),"") -> COMPRA | L58: ACOSTA ROJAS, JOSEPH ALFONSO | M58: ACUACHI LANCHIPA ERNESTO ALONSO | N58: 12.5 | O58: =Tabla2[[#This Row],[CANTIDAD]]*Tabla2[[#This Row],[PREC. UNITARIO]] -> 125 | P58: GR TE07-00001389 | R58: =Tabla2[[#This Row],[QUIEN RECIBE]]&"-"&TEXT(Tabla2[[#This Row],[FECHA]],"dd/mm/yyyy") -> ACUACHI LANCHIPA ERNESTO ALONSO-06/09/2025
B59: 45906 | C59: =IFERROR(_xlfn.XLOOKUP(Tabla2[[#This Row],[PRODUCTO]],Tabla1[PRODUCTO],Tabla1[CODIGO]),"") -> ISA-3 | D59: Codo de PVC 1/2" x 90° agua | E59: =IFERROR(VLOOKUP(Tabla2[[#This Row],[CODIGO]],Tabla1[],3,0),"") -> INSTALACIONES SANITARIAS | F59: =IFERROR(VLOOKUP(Tabla2[[#This Row],[CODIGO]],Tabla1[],5,0),"") -> ALMACEN TICAPAMPA | G59: =IFERROR(VLOOKUP(Tabla2[[#This Row],[CODIGO]],Tabla1[],6,0),"") -> UNI | H59: =IFERROR(VLOOKUP(Tabla2[[#This Row],[CODIGO]],Tabla1[],10,0),"") -> 30 | I59: 30 | J59: Implementación del campamento | K59: =IFERROR(VLOOKUP(Tabla2[[#This Row],[CODIGO]],Tabla1[],11,0),"") -> COMPRA | L59: ACOSTA ROJAS, JOSEPH ALFONSO | M59: ACUACHI LANCHIPA ERNESTO ALONSO | N59: 2 | O59: =Tabla2[[#This Row],[CANTIDAD]]*Tabla2[[#This Row],[PREC. UNITARIO]] -> 60 | P59: GR TE07-00001389 | R59: =Tabla2[[#This Row],[QUIEN RECIBE]]&"-"&TEXT(Tabla2[[#This Row],[FECHA]],"dd/mm/yyyy") -> ACUACHI LANCHIPA ERNESTO ALONSO-06/09/2025
B60: 45906 | C60: =IFERROR(_xlfn.XLOOKUP(Tabla2[[#This Row],[PRODUCTO]],Tabla1[PRODUCTO],Tabla1[CODIGO]),"") -> ISA-4 | D60: Tee de PVC 1/2"x1/2" agua | E60: =IFERROR(VLOOKUP(Tabla2[[#This Row],[CODIGO]],Tabla1[],3,0),"") -> INSTALACIONES SANITARIAS | F60: =IFERROR(VLOOKUP(Tabla2[[#This Row],[CODIGO]],Tabla1[],5,0),"") -> ALMACEN TICAPAMPA | G60: =IFERROR(VLOOKUP(Tabla2[[#This Row],[CODIGO]],Tabla1[],6,0),"") -> UNI | H60: =IFERROR(VLOOKUP(Tabla2[[#This Row],[CODIGO]],Tabla1[],10,0),"") -> 30 | I60: 30 | J60: Implementación del campamento | K60: =IFERROR(VLOOKUP(Tabla2[[#This Row],[CODIGO]],Tabla1[],11,0),"") -> COMPRA | L60: ACOSTA ROJAS, JOSEPH ALFONSO | M60: ACUACHI LANCHIPA ERNESTO ALONSO | N60: 3 | O60: =Tabla2[[#This Row],[CANTIDAD]]*Tabla2[[#This Row],[PREC. UNITARIO]] -> 90 | P60: GR TE07-00001389 | R60: =Tabla2[[#This Row],[QUIEN RECIBE]]&"-"&TEXT(Tabla2[[#This Row],[FECHA]],"dd/mm/yyyy") -> ACUACHI LANCHIPA ERNESTO ALONSO-06/09/2025
B61: 45906 | C61: =IFERROR(_xlfn.XLOOKUP(Tabla2[[#This Row],[PRODUCTO]],Tabla1[PRODUCTO],Tabla1[CODIGO]),"") -> ISA-5 | D61: Adex en lata | E61: =IFERROR(VLOOKUP(Tabla2[[#This Row],[CODIGO]],Tabla1[],3,0),"") -> INSTALACIONES SANITARIAS | F61: =IFERROR(VLOOKUP(Tabla2[[#This Row],[CODIGO]],Tabla1[],5,0),"") -> ALMACEN TICAPAMPA | G61: =IFERROR(VLOOKUP(Tabla2[[#This Row],[CODIGO]],Tabla1[],6,0),"") -> UNI | H61: =IFERROR(VLOOKUP(Tabla2[[#This Row],[CODIGO]],Tabla1[],10,0),"") -> 2 | I61: 2 | J61: Implementación del campamento | K61: =IFERROR(VLOOKUP(Tabla2[[#This Row],[CODIGO]],Tabla1[],11,0),"") -> COMPRA | L61: ACOSTA ROJAS, JOSEPH ALFONSO | M61: ACUACHI LANCHIPA ERNESTO ALONSO | N61: 10 | O61: =Tabla2[[#This Row],[CANTIDAD]]*Tabla2[[#This Row],[PREC. UNITARIO]] -> 20 | P61: GR TE07-00001389 | R61: =Tabla2[[#This Row],[QUIEN RECIBE]]&"-"&TEXT(Tabla2[[#This Row],[FECHA]],"dd/mm/yyyy") -> ACUACHI LANCHIPA ERNESTO ALONSO-06/09/2025
B62: 45906 | C62: =IFERROR(_xlfn.XLOOKUP(Tabla2[[#This Row],[PRODUCTO]],Tabla1[PRODUCTO],Tabla1[CODIGO]),"") -> ISA-6 | D62: Cinta teflon | E62: =IFERROR(VLOOKUP(Tabla2[[#This Row],[CODIGO]],Tabla1[],3,0),"") -> INSTALACIONES SANITARIAS | F62: =IFERROR(VLOOKUP(Tabla2[[#This Row],[CODIGO]],Tabla1[],5,0),"") -> ALMACEN TICAPAMPA | G62: =IFERROR(VLOOKUP(Tabla2[[#This Row],[CODIGO]],Tabla1[],6,0),"") -> UNI | H62: =IFERROR(VLOOKUP(Tabla2[[#This Row],[CODIGO]],Tabla1[],10,0),"") -> 97 | I62: 100 | J62: Implementación del campamento | K62: =IFERROR(VLOOKUP(Tabla2[[#This Row],[CODIGO]],Tabla1[],11,0),"") -> COMPRA | L62: ACOSTA ROJAS, JOSEPH ALFONSO | M62: ACUACHI LANCHIPA ERNESTO ALONSO | N62: 2 | O62: =Tabla2[[#This Row],[CANTIDAD]]*Tabla2[[#This Row],[PREC. UNITARIO]] -> 200 | P62: GR TE07-00001389 | R62: =Tabla2[[#This Row],[QUIEN RECIBE]]&"-"&TEXT(Tabla2[[#This Row],[FECHA]],"dd/mm/yyyy") -> ACUACHI LANCHIPA ERNESTO ALONSO-06/09/2025
B63: 45906 | C63: =IFERROR(_xlfn.XLOOKUP(Tabla2[[#This Row],[PRODUCTO]],Tabla1[PRODUCTO],Tabla1[CODIGO]),"") -> IE-7 | D63: Soquete para sobreponer | E63: =IFERROR(VLOOKUP(Tabla2[[#This Row],[CODIGO]],Tabla1[],3,0),"") -> INSTALACIONES ELECTRICAS | F63: =IFERROR(VLOOKUP(Tabla2[[#This Row],[CODIGO]],Tabla1[],5,0),"") -> ALMACEN TICAPAMPA | G63: =IFERROR(VLOOKUP(Tabla2[[#This Row],[CODIGO]],Tabla1[],6,0),"") -> UNI | H63: =IFERROR(VLOOKUP(Tabla2[[#This Row],[CODIGO]],Tabla1[],10,0),"") -> 15 | I63: 15 | J63: Implementación del campamento | K63: =IFERROR(VLOOKUP(Tabla2[[#This Row],[CODIGO]],Tabla1[],11,0),"") -> COMPRA | L63: ACOSTA ROJAS, JOSEPH ALFONSO | M63: ACUACHI LANCHIPA ERNESTO ALONSO | N63: 2.5 | O63: =Tabla2[[#This Row],[CANTIDAD]]*Tabla2[[#This Row],[PREC. UNITARIO]] -> 37.5 | P63: GR TE07-00001389 | R63: =Tabla2[[#This Row],[QUIEN RECIBE]]&"-"&TEXT(Tabla2[[#This Row],[FECHA]],"dd/mm/yyyy") -> ACUACHI LANCHIPA ERNESTO ALONSO-06/09/2025
B64: 45906 | C64: =IFERROR(_xlfn.XLOOKUP(Tabla2[[#This Row],[PRODUCTO]],Tabla1[PRODUCTO],Tabla1[CODIGO]),"") -> IE-8 | D64: Tomacorriente doble sobreponer | E64: =IFERROR(VLOOKUP(Tabla2[[#This Row],[CODIGO]],Tabla1[],3,0),"") -> INSTALACIONES ELECTRICAS | F64: =IFERROR(VLOOKUP(Tabla2[[#This Row],[CODIGO]],Tabla1[],5,0),"") -> ALMACEN TICAPAMPA | G64: =IFERROR(VLOOKUP(Tabla2[[#This Row],[CODIGO]],Tabla1[],6,0),"") -> UNI | H64: =IFERROR(VLOOKUP(Tabla2[[#This Row],[CODIGO]],Tabla1[],10,0),"") -> 25 | I64: 25 | J64: Implementación del campamento | K64: =IFERROR(VLOOKUP(Tabla2[[#This Row],[CODIGO]],Tabla1[],11,0),"") -> COMPRA | L64: ACOSTA ROJAS, JOSEPH ALFONSO | M64: ACUACHI LANCHIPA ERNESTO ALONSO | N64: 6.5 | O64: =Tabla2[[#This Row],[CANTIDAD]]*Tabla2[[#This Row],[PREC. UNITARIO]] -> 162.5 | P64: GR TE07-00001389 | R64: =Tabla2[[#This Row],[QUIEN RECIBE]]&"-"&TEXT(Tabla2[[#This Row],[FECHA]],"dd/mm/yyyy") -> ACUACHI LANCHIPA ERNESTO ALONSO-06/09/2025
B65: 45906 | C65: =IFERROR(_xlfn.XLOOKUP(Tabla2[[#This Row],[PRODUCTO]],Tabla1[PRODUCTO],Tabla1[CODIGO]),"") -> ISA-7 | D65: Union universal de PVC 1/2" agua | E65: =IFERROR(VLOOKUP(Tabla2[[#This Row],[CODIGO]],Tabla1[],3,0),"") -> INSTALACIONES SANITARIAS | F65: =IFERROR(VLOOKUP(Tabla2[[#This Row],[CODIGO]],Tabla1[],5,0),"") -> ALMACEN TICAPAMPA | G65: =IFERROR(VLOOKUP(Tabla2[[#This Row],[CODIGO]],Tabla1[],6,0),"") -> UNI | H65: =IFERROR(VLOOKUP(Tabla2[[#This Row],[CODIGO]],Tabla1[],10,0),"") -> 10 | I65: 10 | J65: Implementación del campamento | K65: =IFERROR(VLOOKUP(Tabla2[[#This Row],[CODIGO]],Tabla1[],11,0),"") -> COMPRA | L65: ACOSTA ROJAS, JOSEPH ALFONSO | M65: ACUACHI LANCHIPA ERNESTO ALONSO | N65: 4 | O65: =Tabla2[[#This Row],[CANTIDAD]]*Tabla2[[#This Row],[PREC. UNITARIO]] -> 40 | P65: GR TE07-00001389 | R65: =Tabla2[[#This Row],[QUIEN RECIBE]]&"-"&TEXT(Tabla2[[#This Row],[FECHA]],"dd/mm/yyyy") -> ACUACHI LANCHIPA ERNESTO ALONSO-06/09/2025
B66: 45906 | C66: =IFERROR(_xlfn.XLOOKUP(Tabla2[[#This Row],[PRODUCTO]],Tabla1[PRODUCTO],Tabla1[CODIGO]),"") -> UTC-1 | D66: Colchon Paraiso 1.5 plz | E66: =IFERROR(VLOOKUP(Tabla2[[#This Row],[CODIGO]],Tabla1[],3,0),"") -> UTILES DE CAMA | F66: =IFERROR(VLOOKUP(Tabla2[[#This Row],[CODIGO]],Tabla1[],5,0),"") -> ALMACEN TICAPAMPA | G66: =IFERROR(VLOOKUP(Tabla2[[#This Row],[CODIGO]],Tabla1[],6,0),"") -> UNI | H66: =IFERROR(VLOOKUP(Tabla2[[#This Row],[CODIGO]],Tabla1[],10,0),"") -> 4 | I66: 4 | J66: Implementación del campamento | K66: =IFERROR(VLOOKUP(Tabla2[[#This Row],[CODIGO]],Tabla1[],11,0),"") -> COMPRA | L66: ACOSTA ROJAS, JOSEPH ALFONSO | M66: ACUACHI LANCHIPA ERNESTO ALONSO | N66: 275 | O66: =Tabla2[[#This Row],[CANTIDAD]]*Tabla2[[#This Row],[PREC. UNITARIO]] -> 1100 | R66: =Tabla2[[#This Row],[QUIEN RECIBE]]&"-"&TEXT(Tabla2[[#This Row],[FECHA]],"dd/mm/yyyy") -> ACUACHI LANCHIPA ERNESTO ALONSO-06/09/2025
B67: 45906 | C67: =IFERROR(_xlfn.XLOOKUP(Tabla2[[#This Row],[PRODUCTO]],Tabla1[PRODUCTO],Tabla1[CODIGO]),"") -> UTC-2 | D67: Cama madera 1.5 plz | E67: =IFERROR(VLOOKUP(Tabla2[[#This Row],[CODIGO]],Tabla1[],3,0),"") -> UTILES DE CAMA | F67: =IFERROR(VLOOKUP(Tabla2[[#This Row],[CODIGO]],Tabla1[],5,0),"") -> ALMACEN TICAPAMPA | G67: =IFERROR(VLOOKUP(Tabla2[[#This Row],[CODIGO]],Tabla1[],6,0),"") -> UNI | H67: =IFERROR(VLOOKUP(Tabla2[[#This Row],[CODIGO]],Tabla1[],10,0),"") -> 4 | I67: 4 | J67: Implementación del campamento | K67: =IFERROR(VLOOKUP(Tabla2[[#This Row],[CODIGO]],Tabla1[],11,0),"") -> COMPRA | L67: ACOSTA ROJAS, JOSEPH ALFONSO | M67: ACUACHI LANCHIPA ERNESTO ALONSO | N67: 150 | O67: =Tabla2[[#This Row],[CANTIDAD]]*Tabla2[[#This Row],[PREC. UNITARIO]] -> 600 | R67: =Tabla2[[#This Row],[QUIEN RECIBE]]&"-"&TEXT(Tabla2[[#This Row],[FECHA]],"dd/mm/yyyy") -> ACUACHI LANCHIPA ERNESTO ALONSO-06/09/2025
B68: 45906 | C68: =IFERROR(_xlfn.XLOOKUP(Tabla2[[#This Row],[PRODUCTO]],Tabla1[PRODUCTO],Tabla1[CODIGO]),"") -> OTR-1 | D68: Plastico D/C 80 | E68: =IFERROR(VLOOKUP(Tabla2[[#This Row],[CODIGO]],Tabla1[],3,0),"") -> OTROS | F68: =IFERROR(VLOOKUP(Tabla2[[#This Row],[CODIGO]],Tabla1[],5,0),"") -> ALMACEN TICAPAMPA | G68: =IFERROR(VLOOKUP(Tabla2[[#This Row],[CODIGO]],Tabla1[],6,0),"") -> MT | H68: =IFERROR(VLOOKUP(Tabla2[[#This Row],[CODIGO]],Tabla1[],10,0),"") -> 100 | I68: 100 | J68: Implementación del campamento | K68: =IFERROR(VLOOKUP(Tabla2[[#This Row],[CODIGO]],Tabla1[],11,0),"") -> COMPRA | L68: ACOSTA ROJAS, JOSEPH ALFONSO | M68: ACUACHI LANCHIPA ERNESTO ALONSO | N68: 3.1 | O68: =Tabla2[[#This Row],[CANTIDAD]]*Tabla2[[#This Row],[PREC. UNITARIO]] -> 310 | P68: FAC FE02-00010639 | R68: =Tabla2[[#This Row],[QUIEN RECIBE]]&"-"&TEXT(Tabla2[[#This Row],[FECHA]],"dd/mm/yyyy") -> ACUACHI LANCHIPA ERNESTO ALONSO-06/09/2025
B69: 45906 | C69: =IFERROR(_xlfn.XLOOKUP(Tabla2[[#This Row],[PRODUCTO]],Tabla1[PRODUCTO],Tabla1[CODIGO]),"") -> OTR-2 | D69: Malla raschel | E69: =IFERROR(VLOOKUP(Tabla2[[#This Row],[CODIGO]],Tabla1[],3,0),"") -> OTROS | F69: =IFERROR(VLOOKUP(Tabla2[[#This Row],[CODIGO]],Tabla1[],5,0),"") -> ALMACEN TICAPAMPA | G69: =IFERROR(VLOOKUP(Tabla2[[#This Row],[CODIGO]],Tabla1[],6,0),"") -> MT | H69: =IFERROR(VLOOKUP(Tabla2[[#This Row],[CODIGO]],Tabla1[],10,0),"") -> 100 | I69: 100 | J69: Implementación del campamento | K69: =IFERROR(VLOOKUP(Tabla2[[#This Row],[CODIGO]],Tabla1[],11,0),"") -> COMPRA | L69: ACOSTA ROJAS, JOSEPH ALFONSO | M69: ACUACHI LANCHIPA ERNESTO ALONSO | N69: 4.7 | O69: =Tabla2[[#This Row],[CANTIDAD]]*Tabla2[[#This Row],[PREC. UNITARIO]] -> 470 | P69: FAC FE02-00010639 | R69: =Tabla2[[#This Row],[QUIEN RECIBE]]&"-"&TEXT(Tabla2[[#This Row],[FECHA]],"dd/mm/yyyy") -> ACUACHI LANCHIPA ERNESTO ALONSO-06/09/2025
B70: 45906 | C70: =IFERROR(_xlfn.XLOOKUP(Tabla2[[#This Row],[PRODUCTO]],Tabla1[PRODUCTO],Tabla1[CODIGO]),"") -> OTR-3 | D70: Tela Arpillera | E70: =IFERROR(VLOOKUP(Tabla2[[#This Row],[CODIGO]],Tabla1[],3,0),"") -> OTROS | F70: =IFERROR(VLOOKUP(Tabla2[[#This Row],[CODIGO]],Tabla1[],5,0),"") -> ALMACEN TICAPAMPA | G70: =IFERROR(VLOOKUP(Tabla2[[#This Row],[CODIGO]],Tabla1[],6,0),"") -> MT | H70: =IFERROR(VLOOKUP(Tabla2[[#This Row],[CODIGO]],Tabla1[],10,0),"") -> 200 | I70: 200 | J70: Implementación del campamento | K70: =IFERROR(VLOOKUP(Tabla2[[#This Row],[CODIGO]],Tabla1[],11,0),"") -> COMPRA | L70: ACOSTA ROJAS, JOSEPH ALFONSO | M70: ACUACHI LANCHIPA ERNESTO ALONSO | N70: 1.7 | O70: =Tabla2[[#This Row],[CANTIDAD]]*Tabla2[[#This Row],[PREC. UNITARIO]] -> 340 | P70: FAC FE02-00010639 | R70: =Tabla2[[#This Row],[QUIEN RECIBE]]&"-"&TEXT(Tabla2[[#This Row],[FECHA]],"dd/mm/yyyy") -> ACUACHI LANCHIPA ERNESTO ALONSO-06/09/2025
B71: 45915 | C71: =IFERROR(_xlfn.XLOOKUP(Tabla2[[#This Row],[PRODUCTO]],Tabla1[PRODUCTO],Tabla1[CODIGO]),"") -> UE-1 | D71: Sello rectangular Shiny S-843 residente obra | E71: =IFERROR(VLOOKUP(Tabla2[[#This Row],[CODIGO]],Tabla1[],3,0),"") -> UTILES DE ESCRITORIO | F71: =IFERROR(VLOOKUP(Tabla2[[#This Row],[CODIGO]],Tabla1[],5,0),"") -> ALMACEN TICAPAMPA | G71: =IFERROR(VLOOKUP(Tabla2[[#This Row],[CODIGO]],Tabla1[],6,0),"") -> UNI | H71: =IFERROR(VLOOKUP(Tabla2[[#This Row],[CODIGO]],Tabla1[],10,0),"") -> 2 | I71: 2 | J71: Ingreso a Inventario | K71: =IFERROR(VLOOKUP(Tabla2[[#This Row],[CODIGO]],Tabla1[],11,0),"") -> COMPRA | L71: ACOSTA ROJAS, JOSEPH ALFONSO | M71: ACUACHI LANCHIPA ERNESTO ALONSO | N71: 28 | O71: =Tabla2[[#This Row],[CANTIDAD]]*Tabla2[[#This Row],[PREC. UNITARIO]] -> 56 | R71: =Tabla2[[#This Row],[QUIEN RECIBE]]&"-"&TEXT(Tabla2[[#This Row],[FECHA]],"dd/mm/yyyy") -> ACUACHI LANCHIPA ERNESTO ALONSO-15/09/2025
B72: 45915 | C72: =IFERROR(_xlfn.XLOOKUP(Tabla2[[#This Row],[PRODUCTO]],Tabla1[PRODUCTO],Tabla1[CODIGO]),"") -> UE-2 | D72: Sello redondo Shiny R-524 residente obra | E72: =IFERROR(VLOOKUP(Tabla2[[#This Row],[CODIGO]],Tabla1[],3,0),"") -> UTILES DE ESCRITORIO | F72: =IFERROR(VLOOKUP(Tabla2[[#This Row],[CODIGO]],Tabla1[],5,0),"") -> ALMACEN TICAPAMPA | G72: =IFERROR(VLOOKUP(Tabla2[[#This Row],[CODIGO]],Tabla1[],6,0),"") -> UNI | H72: =IFERROR(VLOOKUP(Tabla2[[#This Row],[CODIGO]],Tabla1[],10,0),"") -> 1 | I72: 1 | J72: Ingreso a Inventario | K72: =IFERROR(VLOOKUP(Tabla2[[#This Row],[CODIGO]],Tabla1[],11,0),"") -> COMPRA | L72: ACOSTA ROJAS, JOSEPH ALFONSO | M72: ACUACHI LANCHIPA ERNESTO ALONSO | N72: 28 | O72: =Tabla2[[#This Row],[CANTIDAD]]*Tabla2[[#This Row],[PREC. UNITARIO]] -> 28 | R72: =Tabla2[[#This Row],[QUIEN RECIBE]]&"-"&TEXT(Tabla2[[#This Row],[FECHA]],"dd/mm/yyyy") -> ACUACHI LANCHIPA ERNESTO ALONSO-15/09/2025
B73: 45915 | C73: =IFERROR(_xlfn.XLOOKUP(Tabla2[[#This Row],[PRODUCTO]],Tabla1[PRODUCTO],Tabla1[CODIGO]),"") -> UE-3 | D73: Sello rectangular Shiny S-843 representante | E73: =IFERROR(VLOOKUP(Tabla2[[#This Row],[CODIGO]],Tabla1[],3,0),"") -> UTILES DE ESCRITORIO | F73: =IFERROR(VLOOKUP(Tabla2[[#This Row],[CODIGO]],Tabla1[],5,0),"") -> ALMACEN TICAPAMPA | G73: =IFERROR(VLOOKUP(Tabla2[[#This Row],[CODIGO]],Tabla1[],6,0),"") -> UNI | H73: =IFERROR(VLOOKUP(Tabla2[[#This Row],[CODIGO]],Tabla1[],10,0),"") -> 2 | I73: 2 | J73: Ingreso a Inventario | K73: =IFERROR(VLOOKUP(Tabla2[[#This Row],[CODIGO]],Tabla1[],11,0),"") -> COMPRA | L73: ACOSTA ROJAS, JOSEPH ALFONSO | M73: ACUACHI LANCHIPA ERNESTO ALONSO | N73: 28 | O73: =Tabla2[[#This Row],[CANTIDAD]]*Tabla2[[#This Row],[PREC. UNITARIO]] -> 56 | R73: =Tabla2[[#This Row],[QUIEN RECIBE]]&"-"&TEXT(Tabla2[[#This Row],[FECHA]],"dd/mm/yyyy") -> ACUACHI LANCHIPA ERNESTO ALONSO-15/09/2025
B74: 45915 | C74: =IFERROR(_xlfn.XLOOKUP(Tabla2[[#This Row],[PRODUCTO]],Tabla1[PRODUCTO],Tabla1[CODIGO]),"") -> UE-4 | D74: Sello rectangular Shiny S-843 logistico | E74: =IFERROR(VLOOKUP(Tabla2[[#This Row],[CODIGO]],Tabla1[],3,0),"") -> UTILES DE ESCRITORIO | F74: =IFERROR(VLOOKUP(Tabla2[[#This Row],[CODIGO]],Tabla1[],5,0),"") -> ALMACEN TICAPAMPA | G74: =IFERROR(VLOOKUP(Tabla2[[#This Row],[CODIGO]],Tabla1[],6,0),"") -> UNI | H74: =IFERROR(VLOOKUP(Tabla2[[#This Row],[CODIGO]],Tabla1[],10,0),"") -> 1 | I74: 1 | J74: Ingreso a Inventario | K74: =IFERROR(VLOOKUP(Tabla2[[#This Row],[CODIGO]],Tabla1[],11,0),"") -> COMPRA | L74: ACOSTA ROJAS, JOSEPH ALFONSO | M74: ACUACHI LANCHIPA ERNESTO ALONSO | N74: 28 | O74: =Tabla2[[#This Row],[CANTIDAD]]*Tabla2[[#This Row],[PREC. UNITARIO]] -> 28 | R74: =Tabla2[[#This Row],[QUIEN RECIBE]]&"-"&TEXT(Tabla2[[#This Row],[FECHA]],"dd/mm/yyyy") -> ACUACHI LANCHIPA ERNESTO ALONSO-15/09/2025
B75: 45915 | C75: =IFERROR(_xlfn.XLOOKUP(Tabla2[[#This Row],[PRODUCTO]],Tabla1[PRODUCTO],Tabla1[CODIGO]),"") -> UE-5 | D75: Sello rectangular Shiny S-843 almacenero | E75: =IFERROR(VLOOKUP(Tabla2[[#This Row],[CODIGO]],Tabla1[],3,0),"") -> UTILES DE ESCRITORIO | F75: =IFERROR(VLOOKUP(Tabla2[[#This Row],[CODIGO]],Tabla1[],5,0),"") -> ALMACEN TICAPAMPA | G75: =IFERROR(VLOOKUP(Tabla2[[#This Row],[CODIGO]],Tabla1[],6,0),"") -> UNI | H75: =IFERROR(VLOOKUP(Tabla2[[#This Row],[CODIGO]],Tabla1[],10,0),"") -> 1 | I75: 1 | J75: Ingreso a Inventario | K75: =IFERROR(VLOOKUP(Tabla2[[#This Row],[CODIGO]],Tabla1[],11,0),"") -> COMPRA | L75: ACOSTA ROJAS, JOSEPH ALFONSO | M75: ACUACHI LANCHIPA ERNESTO ALONSO | N75: 28 | O75: =Tabla2[[#This Row],[CANTIDAD]]*Tabla2[[#This Row],[PREC. UNITARIO]] -> 28 | R75: =Tabla2[[#This Row],[QUIEN RECIBE]]&"-"&TEXT(Tabla2[[#This Row],[FECHA]],"dd/mm/yyyy") -> ACUACHI LANCHIPA ERNESTO ALONSO-15/09/2025
B76: 45915 | C76: =IFERROR(_xlfn.XLOOKUP(Tabla2[[#This Row],[PRODUCTO]],Tabla1[PRODUCTO],Tabla1[CODIGO]),"") -> UE-6 | D76: Sello rectangular Shiny S-843 calidad | E76: =IFERROR(VLOOKUP(Tabla2[[#This Row],[CODIGO]],Tabla1[],3,0),"") -> UTILES DE ESCRITORIO | F76: =IFERROR(VLOOKUP(Tabla2[[#This Row],[CODIGO]],Tabla1[],5,0),"") -> ALMACEN TICAPAMPA | G76: =IFERROR(VLOOKUP(Tabla2[[#This Row],[CODIGO]],Tabla1[],6,0),"") -> UNI | H76: =IFERROR(VLOOKUP(Tabla2[[#This Row],[CODIGO]],Tabla1[],10,0),"") -> 1 | I76: 1 | J76: Ingreso a Inventario | K76: =IFERROR(VLOOKUP(Tabla2[[#This Row],[CODIGO]],Tabla1[],11,0),"") -> COMPRA | L76: ACOSTA ROJAS, JOSEPH ALFONSO | M76: ACUACHI LANCHIPA ERNESTO ALONSO | N76: 28 | O76: =Tabla2[[#This Row],[CANTIDAD]]*Tabla2[[#This Row],[PREC. UNITARIO]] -> 28 | R76: =Tabla2[[#This Row],[QUIEN RECIBE]]&"-"&TEXT(Tabla2[[#This Row],[FECHA]],"dd/mm/yyyy") -> ACUACHI LANCHIPA ERNESTO ALONSO-15/09/2025
B77: 45915 | C77: =IFERROR(_xlfn.XLOOKUP(Tabla2[[#This Row],[PRODUCTO]],Tabla1[PRODUCTO],Tabla1[CODIGO]),"") -> UE-7 | D77: Sello rectangular Shiny S-843 maestro obra | E77: =IFERROR(VLOOKUP(Tabla2[[#This Row],[CODIGO]],Tabla1[],3,0),"") -> UTILES DE ESCRITORIO | F77: =IFERROR(VLOOKUP(Tabla2[[#This Row],[CODIGO]],Tabla1[],5,0),"") -> ALMACEN TICAPAMPA | G77: =IFERROR(VLOOKUP(Tabla2[[#This Row],[CODIGO]],Tabla1[],6,0),"") -> UNI | H77: =IFERROR(VLOOKUP(Tabla2[[#This Row],[CODIGO]],Tabla1[],10,0),"") -> 1 | I77: 1 | J77: Ingreso a Inventario | K77: =IFERROR(VLOOKUP(Tabla2[[#This Row],[CODIGO]],Tabla1[],11,0),"") -> COMPRA | L77: ACOSTA ROJAS, JOSEPH ALFONSO | M77: ACUACHI LANCHIPA ERNESTO ALONSO | N77: 28 | O77: =Tabla2[[#This Row],[CANTIDAD]]*Tabla2[[#This Row],[PREC. UNITARIO]] -> 28 | R77: =Tabla2[[#This Row],[QUIEN RECIBE]]&"-"&TEXT(Tabla2[[#This Row],[FECHA]],"dd/mm/yyyy") -> ACUACHI LANCHIPA ERNESTO ALONSO-15/09/2025
B78: 45915 | C78: =IFERROR(_xlfn.XLOOKUP(Tabla2[[#This Row],[PRODUCTO]],Tabla1[PRODUCTO],Tabla1[CODIGO]),"") -> UE-8 | D78: Sello rectangular Shiny S-843 salud | E78: =IFERROR(VLOOKUP(Tabla2[[#This Row],[CODIGO]],Tabla1[],3,0),"") -> UTILES DE ESCRITORIO | F78: =IFERROR(VLOOKUP(Tabla2[[#This Row],[CODIGO]],Tabla1[],5,0),"") -> ALMACEN TICAPAMPA | G78: =IFERROR(VLOOKUP(Tabla2[[#This Row],[CODIGO]],Tabla1[],6,0),"") -> UNI | H78: =IFERROR(VLOOKUP(Tabla2[[#This Row],[CODIGO]],Tabla1[],10,0),"") -> 1 | I78: 1 | J78: Ingreso a Inventario | K78: =IFERROR(VLOOKUP(Tabla2[[#This Row],[CODIGO]],Tabla1[],11,0),"") -> COMPRA | L78: ACOSTA ROJAS, JOSEPH ALFONSO | M78: ACUACHI LANCHIPA ERNESTO ALONSO | N78: 28 | O78: =Tabla2[[#This Row],[CANTIDAD]]*Tabla2[[#This Row],[PREC. UNITARIO]] -> 28 | R78: =Tabla2[[#This Row],[QUIEN RECIBE]]&"-"&TEXT(Tabla2[[#This Row],[FECHA]],"dd/mm/yyyy") -> ACUACHI LANCHIPA ERNESTO ALONSO-15/09/2025
B79: 45915 | C79: =IFERROR(_xlfn.XLOOKUP(Tabla2[[#This Row],[PRODUCTO]],Tabla1[PRODUCTO],Tabla1[CODIGO]),"") -> UE-9 | D79: Sello rectangular Shiny S-827 recibido | E79: =IFERROR(VLOOKUP(Tabla2[[#This Row],[CODIGO]],Tabla1[],3,0),"") -> UTILES DE ESCRITORIO | F79: =IFERROR(VLOOKUP(Tabla2[[#This Row],[CODIGO]],Tabla1[],5,0),"") -> ALMACEN TICAPAMPA | G79: =IFERROR(VLOOKUP(Tabla2[[#This Row],[CODIGO]],Tabla1[],6,0),"") -> UNI | H79: =IFERROR(VLOOKUP(Tabla2[[#This Row],[CODIGO]],Tabla1[],10,0),"") -> 1 | I79: 1 | J79: Ingreso a Inventario | K79: =IFERROR(VLOOKUP(Tabla2[[#This Row],[CODIGO]],Tabla1[],11,0),"") -> COMPRA | L79: ACOSTA ROJAS, JOSEPH ALFONSO | M79: ACUACHI LANCHIPA ERNESTO ALONSO | N79: 53 | O79: =Tabla2[[#This Row],[CANTIDAD]]*Tabla2[[#This Row],[PREC. UNITARIO]] -> 53 | R79: =Tabla2[[#This Row],[QUIEN RECIBE]]&"-"&TEXT(Tabla2[[#This Row],[FECHA]],"dd/mm/yyyy") -> ACUACHI LANCHIPA ERNESTO ALONSO-15/09/2025
B80: 45915 | C80: =IFERROR(_xlfn.XLOOKUP(Tabla2[[#This Row],[PRODUCTO]],Tabla1[PRODUCTO],Tabla1[CODIGO]),"") -> UE-10 | D80: Sello rectangular Shiny S-843 recibido | E80: =IFERROR(VLOOKUP(Tabla2[[#This Row],[CODIGO]],Tabla1[],3,0),"") -> UTILES DE ESCRITORIO | F80: =IFERROR(VLOOKUP(Tabla2[[#This Row],[CODIGO]],Tabla1[],5,0),"") -> ALMACEN TICAPAMPA | G80: =IFERROR(VLOOKUP(Tabla2[[#This Row],[CODIGO]],Tabla1[],6,0),"") -> UNI | H80: =IFERROR(VLOOKUP(Tabla2[[#This Row],[CODIGO]],Tabla1[],10,0),"") -> 1 | I80: 1 | J80: Ingreso a Inventario | K80: =IFERROR(VLOOKUP(Tabla2[[#This Row],[CODIGO]],Tabla1[],11,0),"") -> COMPRA | L80: ACOSTA ROJAS, JOSEPH ALFONSO | M80: ACUACHI LANCHIPA ERNESTO ALONSO | N80: 28 | O80: =Tabla2[[#This Row],[CANTIDAD]]*Tabla2[[#This Row],[PREC. UNITARIO]] -> 28 | R80: =Tabla2[[#This Row],[QUIEN RECIBE]]&"-"&TEXT(Tabla2[[#This Row],[FECHA]],"dd/mm/yyyy") -> ACUACHI LANCHIPA ERNESTO ALONSO-15/09/2025
B81: 45915 | C81: =IFERROR(_xlfn.XLOOKUP(Tabla2[[#This Row],[PRODUCTO]],Tabla1[PRODUCTO],Tabla1[CODIGO]),"") -> UE-11 | D81: Perforador metalico semi industrial LP-50 Layconsa | E81: =IFERROR(VLOOKUP(Tabla2[[#This Row],[CODIGO]],Tabla1[],3,0),"") -> UTILES DE ESCRITORIO | F81: =IFERROR(VLOOKUP(Tabla2[[#This Row],[CODIGO]],Tabla1[],5,0),"") -> ALMACEN TICAPAMPA | G81: =IFERROR(VLOOKUP(Tabla2[[#This Row],[CODIGO]],Tabla1[],6,0),"") -> UNI | H81: =IFERROR(VLOOKUP(Tabla2[[#This Row],[CODIGO]],Tabla1[],10,0),"") -> 1 | I81: 1 | J81: Ingreso a Inventario | K81: =IFERROR(VLOOKUP(Tabla2[[#This Row],[CODIGO]],Tabla1[],11,0),"") -> COMPRA | L81: ACOSTA ROJAS, JOSEPH ALFONSO | M81: ACUACHI LANCHIPA ERNESTO ALONSO | N81: 0 | O81: =Tabla2[[#This Row],[CANTIDAD]]*Tabla2[[#This Row],[PREC. UNITARIO]] -> 0 | R81: =Tabla2[[#This Row],[QUIEN RECIBE]]&"-"&TEXT(Tabla2[[#This Row],[FECHA]],"dd/mm/yyyy") -> ACUACHI LANCHIPA ERNESTO ALONSO-15/09/2025
B82: 45915 | C82: =IFERROR(_xlfn.XLOOKUP(Tabla2[[#This Row],[PRODUCTO]],Tabla1[PRODUCTO],Tabla1[CODIGO]),"") -> UE-12 | D82: Cuaderno de cargo | E82: =IFERROR(VLOOKUP(Tabla2[[#This Row],[CODIGO]],Tabla1[],3,0),"") -> UTILES DE ESCRITORIO | F82: =IFERROR(VLOOKUP(Tabla2[[#This Row],[CODIGO]],Tabla1[],5,0),"") -> ALMACEN TICAPAMPA | G82: =IFERROR(VLOOKUP(Tabla2[[#This Row],[CODIGO]],Tabla1[],6,0),"") -> UNI | H82: =IFERROR(VLOOKUP(Tabla2[[#This Row],[CODIGO]],Tabla1[],10,0),"") -> 2 | I82: 2 | J82: Ingreso a Inventario | K82: =IFERROR(VLOOKUP(Tabla2[[#This Row],[CODIGO]],Tabla1[],11,0),"") -> COMPRA | L82: ACOSTA ROJAS, JOSEPH ALFONSO | M82: ACUACHI LANCHIPA ERNESTO ALONSO | N82: 0 | O82: =Tabla2[[#This Row],[CANTIDAD]]*Tabla2[[#This Row],[PREC. UNITARIO]] -> 0 | R82: =Tabla2[[#This Row],[QUIEN RECIBE]]&"-"&TEXT(Tabla2[[#This Row],[FECHA]],"dd/mm/yyyy") -> ACUACHI LANCHIPA ERNESTO ALONSO-15/09/2025
B83: 45915 | C83: =IFERROR(_xlfn.XLOOKUP(Tabla2[[#This Row],[PRODUCTO]],Tabla1[PRODUCTO],Tabla1[CODIGO]),"") -> UE-13 | D83: Papel adhesivo mate Twins A4 | E83: =IFERROR(VLOOKUP(Tabla2[[#This Row],[CODIGO]],Tabla1[],3,0),"") -> UTILES DE ESCRITORIO | F83: =IFERROR(VLOOKUP(Tabla2[[#This Row],[CODIGO]],Tabla1[],5,0),"") -> ALMACEN TICAPAMPA | G83: =IFERROR(VLOOKUP(Tabla2[[#This Row],[CODIGO]],Tabla1[],6,0),"") -> UNI | H83: =IFERROR(VLOOKUP(Tabla2[[#This Row],[CODIGO]],Tabla1[],10,0),"") -> 95 | I83: 100 | J83: Ingreso a Inventario | K83: =IFERROR(VLOOKUP(Tabla2[[#This Row],[CODIGO]],Tabla1[],11,0),"") -> COMPRA | L83: ACOSTA ROJAS, JOSEPH ALFONSO | M83: ACUACHI LANCHIPA ERNESTO ALONSO | O83: =Tabla2[[#This Row],[CANTIDAD]]*Tabla2[[#This Row],[PREC. UNITARIO]] -> 0 | R83: =Tabla2[[#This Row],[QUIEN RECIBE]]&"-"&TEXT(Tabla2[[#This Row],[FECHA]],"dd/mm/yyyy") -> ACUACHI LANCHIPA ERNESTO ALONSO-15/09/2025
B84: 45915 | C84: =IFERROR(_xlfn.XLOOKUP(Tabla2[[#This Row],[PRODUCTO]],Tabla1[PRODUCTO],Tabla1[CODIGO]),"") -> UE-14 | D84: Sobre manila Grafi papel 75g oficio | E84: =IFERROR(VLOOKUP(Tabla2[[#This Row],[CODIGO]],Tabla1[],3,0),"") -> UTILES DE ESCRITORIO | F84: =IFERROR(VLOOKUP(Tabla2[[#This Row],[CODIGO]],Tabla1[],5,0),"") -> ALMACEN TICAPAMPA | G84: =IFERROR(VLOOKUP(Tabla2[[#This Row],[CODIGO]],Tabla1[],6,0),"") -> UNI | H84: =IFERROR(VLOOKUP(Tabla2[[#This Row],[CODIGO]],Tabla1[],10,0),"") -> 50 | I84: 50 | J84: Ingreso a Inventario | K84: =IFERROR(VLOOKUP(Tabla2[[#This Row],[CODIGO]],Tabla1[],11,0),"") -> COMPRA | L84: ACOSTA ROJAS, JOSEPH ALFONSO | M84: ACUACHI LANCHIPA ERNESTO ALONSO | O84: =Tabla2[[#This Row],[CANTIDAD]]*Tabla2[[#This Row],[PREC. UNITARIO]] -> 0 | R84: =Tabla2[[#This Row],[QUIEN RECIBE]]&"-"&TEXT(Tabla2[[#This Row],[FECHA]],"dd/mm/yyyy") -> ACUACHI LANCHIPA ERNESTO ALONSO-15/09/2025
B85: 45915 | C85: =IFERROR(_xlfn.XLOOKUP(Tabla2[[#This Row],[PRODUCTO]],Tabla1[PRODUCTO],Tabla1[CODIGO]),"") -> UE-15 | D85: Folder A4 grafi papel crema | E85: =IFERROR(VLOOKUP(Tabla2[[#This Row],[CODIGO]],Tabla1[],3,0),"") -> UTILES DE ESCRITORIO | F85: =IFERROR(VLOOKUP(Tabla2[[#This Row],[CODIGO]],Tabla1[],5,0),"") -> ALMACEN TICAPAMPA | G85: =IFERROR(VLOOKUP(Tabla2[[#This Row],[CODIGO]],Tabla1[],6,0),"") -> UNI | H85: =IFERROR(VLOOKUP(Tabla2[[#This Row],[CODIGO]],Tabla1[],10,0),"") -> 25 | I85: 50 | J85: Ingreso a Inventario | K85: =IFERROR(VLOOKUP(Tabla2[[#This Row],[CODIGO]],Tabla1[],11,0),"") -> COMPRA | L85: ACOSTA ROJAS, JOSEPH ALFONSO | M85: ACUACHI LANCHIPA ERNESTO ALONSO | O85: =Tabla2[[#This Row],[CANTIDAD]]*Tabla2[[#This Row],[PREC. UNITARIO]] -> 0 | R85: =Tabla2[[#This Row],[QUIEN RECIBE]]&"-"&TEXT(Tabla2[[#This Row],[FECHA]],"dd/mm/yyyy") -> ACUACHI LANCHIPA ERNESTO ALONSO-15/09/2025
B86: 45915 | C86: =IFERROR(_xlfn.XLOOKUP(Tabla2[[#This Row],[PRODUCTO]],Tabla1[PRODUCTO],Tabla1[CODIGO]),"") -> UE-16 | D86: Folder A4 mundicolor verde | E86: =IFERROR(VLOOKUP(Tabla2[[#This Row],[CODIGO]],Tabla1[],3,0),"") -> UTILES DE ESCRITORIO | F86: =IFERROR(VLOOKUP(Tabla2[[#This Row],[CODIGO]],Tabla1[],5,0),"") -> ALMACEN TICAPAMPA | G86: =IFERROR(VLOOKUP(Tabla2[[#This Row],[CODIGO]],Tabla1[],6,0),"") -> UNI | H86: =IFERROR(VLOOKUP(Tabla2[[#This Row],[CODIGO]],Tabla1[],10,0),"") -> 50 | I86: 50 | J86: Ingreso a Inventario | K86: =IFERROR(VLOOKUP(Tabla2[[#This Row],[CODIGO]],Tabla1[],11,0),"") -> COMPRA | L86: ACOSTA ROJAS, JOSEPH ALFONSO | M86: ACUACHI LANCHIPA ERNESTO ALONSO | O86: =Tabla2[[#This Row],[CANTIDAD]]*Tabla2[[#This Row],[PREC. UNITARIO]] -> 0 | R86: =Tabla2[[#This Row],[QUIEN RECIBE]]&"-"&TEXT(Tabla2[[#This Row],[FECHA]],"dd/mm/yyyy") -> ACUACHI LANCHIPA ERNESTO ALONSO-15/09/2025
B87: 45915 | C87: =IFERROR(_xlfn.XLOOKUP(Tabla2[[#This Row],[PRODUCTO]],Tabla1[PRODUCTO],Tabla1[CODIGO]),"") -> UE-17 | D87: Folder A4 mundicolor azul | E87: =IFERROR(VLOOKUP(Tabla2[[#This Row],[CODIGO]],Tabla1[],3,0),"") -> UTILES DE ESCRITORIO | F87: =IFERROR(VLOOKUP(Tabla2[[#This Row],[CODIGO]],Tabla1[],5,0),"") -> ALMACEN TICAPAMPA | G87: =IFERROR(VLOOKUP(Tabla2[[#This Row],[CODIGO]],Tabla1[],6,0),"") -> UNI | H87: =IFERROR(VLOOKUP(Tabla2[[#This Row],[CODIGO]],Tabla1[],10,0),"") -> 50 | I87: 50 | J87: Ingreso a Inventario | K87: =IFERROR(VLOOKUP(Tabla2[[#This Row],[CODIGO]],Tabla1[],11,0),"") -> COMPRA | L87: ACOSTA ROJAS, JOSEPH ALFONSO | M87: ACUACHI LANCHIPA ERNESTO ALONSO | O87: =Tabla2[[#This Row],[CANTIDAD]]*Tabla2[[#This Row],[PREC. UNITARIO]] -> 0 | R87: =Tabla2[[#This Row],[QUIEN RECIBE]]&"-"&TEXT(Tabla2[[#This Row],[FECHA]],"dd/mm/yyyy") -> ACUACHI LANCHIPA ERNESTO ALONSO-15/09/2025
B88: 45915 | C88: =IFERROR(_xlfn.XLOOKUP(Tabla2[[#This Row],[PRODUCTO]],Tabla1[PRODUCTO],Tabla1[CODIGO]),"") -> UE-18 | D88: Folder A4 mundicolor rojo | E88: =IFERROR(VLOOKUP(Tabla2[[#This Row],[CODIGO]],Tabla1[],3,0),"") -> UTILES DE ESCRITORIO | F88: =IFERROR(VLOOKUP(Tabla2[[#This Row],[CODIGO]],Tabla1[],5,0),"") -> ALMACEN TICAPAMPA | G88: =IFERROR(VLOOKUP(Tabla2[[#This Row],[CODIGO]],Tabla1[],6,0),"") -> UNI | H88: =IFERROR(VLOOKUP(Tabla2[[#This Row],[CODIGO]],Tabla1[],10,0),"") -> 50 | I88: 50 | J88: Ingreso a Inventario | K88: =IFERROR(VLOOKUP(Tabla2[[#This Row],[CODIGO]],Tabla1[],11,0),"") -> COMPRA | L88: ACOSTA ROJAS, JOSEPH ALFONSO | M88: ACUACHI LANCHIPA ERNESTO ALONSO | O88: =Tabla2[[#This Row],[CANTIDAD]]*Tabla2[[#This Row],[PREC. UNITARIO]] -> 0 | R88: =Tabla2[[#This Row],[QUIEN RECIBE]]&"-"&TEXT(Tabla2[[#This Row],[FECHA]],"dd/mm/yyyy") -> ACUACHI LANCHIPA ERNESTO ALONSO-15/09/2025
B89: 45915 | C89: =IFERROR(_xlfn.XLOOKUP(Tabla2[[#This Row],[PRODUCTO]],Tabla1[PRODUCTO],Tabla1[CODIGO]),"") -> UE-19 | D89: Cinta Adhesiva gruesa Shurtape | E89: =IFERROR(VLOOKUP(Tabla2[[#This Row],[CODIGO]],Tabla1[],3,0),"") -> UTILES DE ESCRITORIO | F89: =IFERROR(VLOOKUP(Tabla2[[#This Row],[CODIGO]],Tabla1[],5,0),"") -> ALMACEN TICAPAMPA | G89: =IFERROR(VLOOKUP(Tabla2[[#This Row],[CODIGO]],Tabla1[],6,0),"") -> UNI | H89: =IFERROR(VLOOKUP(Tabla2[[#This Row],[CODIGO]],Tabla1[],10,0),"") -> 2 | I89: 2 | J89: Ingreso a Inventario | K89: =IFERROR(VLOOKUP(Tabla2[[#This Row],[CODIGO]],Tabla1[],11,0),"") -> COMPRA | L89: ACOSTA ROJAS, JOSEPH ALFONSO | M89: ACUACHI LANCHIPA ERNESTO ALONSO | O89: =Tabla2[[#This Row],[CANTIDAD]]*Tabla2[[#This Row],[PREC. UNITARIO]] -> 0 | R89: =Tabla2[[#This Row],[QUIEN RECIBE]]&"-"&TEXT(Tabla2[[#This Row],[FECHA]],"dd/mm/yyyy") -> ACUACHI LANCHIPA ERNESTO ALONSO-15/09/2025
B90: 45915 | C90: =IFERROR(_xlfn.XLOOKUP(Tabla2[[#This Row],[PRODUCTO]],Tabla1[PRODUCTO],Tabla1[CODIGO]),"") -> UE-20 | D90: Resaltador vikingo VK48 | E90: =IFERROR(VLOOKUP(Tabla2[[#This Row],[CODIGO]],Tabla1[],3,0),"") -> UTILES DE ESCRITORIO | F90: =IFERROR(VLOOKUP(Tabla2[[#This Row],[CODIGO]],Tabla1[],5,0),"") -> ALMACEN TICAPAMPA | G90: =IFERROR(VLOOKUP(Tabla2[[#This Row],[CODIGO]],Tabla1[],6,0),"") -> UNI | H90: =IFERROR(VLOOKUP(Tabla2[[#This Row],[CODIGO]],Tabla1[],10,0),"") -> 8 | I90: 10 | J90: Ingreso a Inventario | K90: =IFERROR(VLOOKUP(Tabla2[[#This Row],[CODIGO]],Tabla1[],11,0),"") -> COMPRA | L90: ACOSTA ROJAS, JOSEPH ALFONSO | M90: ACUACHI LANCHIPA ERNESTO ALONSO | O90: =Tabla2[[#This Row],[CANTIDAD]]*Tabla2[[#This Row],[PREC. UNITARIO]] -> 0 | R90: =Tabla2[[#This Row],[QUIEN RECIBE]]&"-"&TEXT(Tabla2[[#This Row],[FECHA]],"dd/mm/yyyy") -> ACUACHI LANCHIPA ERNESTO ALONSO-15/09/2025
B91: 45915 | C91: =IFERROR(_xlfn.XLOOKUP(Tabla2[[#This Row],[PRODUCTO]],Tabla1[PRODUCTO],Tabla1[CODIGO]),"") -> UE-21 | D91: Tijeras Artesco 17cm | E91: =IFERROR(VLOOKUP(Tabla2[[#This Row],[CODIGO]],Tabla1[],3,0),"") -> UTILES DE ESCRITORIO | F91: =IFERROR(VLOOKUP(Tabla2[[#This Row],[CODIGO]],Tabla1[],5,0),"") -> ALMACEN TICAPAMPA | G91: =IFERROR(VLOOKUP(Tabla2[[#This Row],[CODIGO]],Tabla1[],6,0),"") -> UNI | H91: =IFERROR(VLOOKUP(Tabla2[[#This Row],[CODIGO]],Tabla1[],10,0),"") -> 2 | I91: 2 | J91: Ingreso a Inventario | K91: =IFERROR(VLOOKUP(Tabla2[[#This Row],[CODIGO]],Tabla1[],11,0),"") -> COMPRA | L91: ACOSTA ROJAS, JOSEPH ALFONSO | M91: ACUACHI LANCHIPA ERNESTO ALONSO | O91: =Tabla2[[#This Row],[CANTIDAD]]*Tabla2[[#This Row],[PREC. UNITARIO]] -> 0 | R91: =Tabla2[[#This Row],[QUIEN RECIBE]]&"-"&TEXT(Tabla2[[#This Row],[FECHA]],"dd/mm/yyyy") -> ACUACHI LANCHIPA ERNESTO ALONSO-15/09/2025
B92: 45915 | C92: =IFERROR(_xlfn.XLOOKUP(Tabla2[[#This Row],[PRODUCTO]],Tabla1[PRODUCTO],Tabla1[CODIGO]),"") -> UE-22 | D92: Fundas portapapeles de plastico inti | E92: =IFERROR(VLOOKUP(Tabla2[[#This Row],[CODIGO]],Tabla1[],3,0),"") -> UTILES DE ESCRITORIO | F92: =IFERROR(VLOOKUP(Tabla2[[#This Row],[CODIGO]],Tabla1[],5,0),"") -> ALMACEN TICAPAMPA | G92: =IFERROR(VLOOKUP(Tabla2[[#This Row],[CODIGO]],Tabla1[],6,0),"") -> UNI | H92: =IFERROR(VLOOKUP(Tabla2[[#This Row],[CODIGO]],Tabla1[],10,0),"") -> 0 | I92: 20 | J92: Ingreso a Inventario | K92: =IFERROR(VLOOKUP(Tabla2[[#This Row],[CODIGO]],Tabla1[],11,0),"") -> COMPRA | L92: ACOSTA ROJAS, JOSEPH ALFONSO | M92: ACUACHI LANCHIPA ERNESTO ALONSO | O92: =Tabla2[[#This Row],[CANTIDAD]]*Tabla2[[#This Row],[PREC. UNITARIO]] -> 0 | R92: =Tabla2[[#This Row],[QUIEN RECIBE]]&"-"&TEXT(Tabla2[[#This Row],[FECHA]],"dd/mm/yyyy") -> ACUACHI LANCHIPA ERNESTO ALONSO-15/09/2025
B93: 45915 | C93: =IFERROR(_xlfn.XLOOKUP(Tabla2[[#This Row],[PRODUCTO]],Tabla1[PRODUCTO],Tabla1[CODIGO]),"") -> UE-23 | D93: Fastener metal vinifan | E93: =IFERROR(VLOOKUP(Tabla2[[#This Row],[CODIGO]],Tabla1[],3,0),"") -> UTILES DE ESCRITORIO | F93: =IFERROR(VLOOKUP(Tabla2[[#This Row],[CODIGO]],Tabla1[],5,0),"") -> ALMACEN TICAPAMPA | G93: =IFERROR(VLOOKUP(Tabla2[[#This Row],[CODIGO]],Tabla1[],6,0),"") -> UNI | H93: =IFERROR(VLOOKUP(Tabla2[[#This Row],[CODIGO]],Tabla1[],10,0),"") -> 100 | I93: 100 | J93: Ingreso a Inventario | K93: =IFERROR(VLOOKUP(Tabla2[[#This Row],[CODIGO]],Tabla1[],11,0),"") -> COMPRA | L93: ACOSTA ROJAS, JOSEPH ALFONSO | M93: ACUACHI LANCHIPA ERNESTO ALONSO | O93: =Tabla2[[#This Row],[CANTIDAD]]*Tabla2[[#This Row],[PREC. UNITARIO]] -> 0 | R93: =Tabla2[[#This Row],[QUIEN RECIBE]]&"-"&TEXT(Tabla2[[#This Row],[FECHA]],"dd/mm/yyyy") -> ACUACHI LANCHIPA ERNESTO ALONSO-15/09/2025
B94: 45915 | C94: =IFERROR(_xlfn.XLOOKUP(Tabla2[[#This Row],[PRODUCTO]],Tabla1[PRODUCTO],Tabla1[CODIGO]),"") -> UE-24 | D94: Lapiceros faber castell azul trilux 035 | E94: =IFERROR(VLOOKUP(Tabla2[[#This Row],[CODIGO]],Tabla1[],3,0),"") -> UTILES DE ESCRITORIO | F94: =IFERROR(VLOOKUP(Tabla2[[#This Row],[CODIGO]],Tabla1[],5,0),"") -> ALMACEN TICAPAMPA | G94: =IFERROR(VLOOKUP(Tabla2[[#This Row],[CODIGO]],Tabla1[],6,0),"") -> UNI | H94: =IFERROR(VLOOKUP(Tabla2[[#This Row],[CODIGO]],Tabla1[],10,0),"") -> 47 | I94: 50 | J94: Ingreso a Inventario | K94: =IFERROR(VLOOKUP(Tabla2[[#This Row],[CODIGO]],Tabla1[],11,0),"") -> COMPRA | L94: ACOSTA ROJAS, JOSEPH ALFONSO | M94: ACUACHI LANCHIPA ERNESTO ALONSO | O94: =Tabla2[[#This Row],[CANTIDAD]]*Tabla2[[#This Row],[PREC. UNITARIO]] -> 0 | R94: =Tabla2[[#This Row],[QUIEN RECIBE]]&"-"&TEXT(Tabla2[[#This Row],[FECHA]],"dd/mm/yyyy") -> ACUACHI LANCHIPA ERNESTO ALONSO-15/09/2025
... B128: 45915 | C128: =IFERROR(_xlfn.XLOOKUP(Tabla2[[#This Row],[PRODUCTO]],Tabla1[PRODUCTO],Tabla1[CODIGO]),"") -> UE-55 | D128: Pizarra acrilica | E128: =IFERROR(VLOOKUP(Tabla2[[#This Row],[CODIGO]],Tabla1[],3,0),"") -> UTILES DE ESCRITORIO | F128: =IFERROR(VLOOKUP(Tabla2[[#This Row],[CODIGO]],Tabla1[],5,0),"") -> ALMACEN TICAPAMPA | G128: =IFERROR(VLOOKUP(Tabla2[[#This Row],[CODIGO]],Tabla1[],6,0),"") -> UNI | H128: =IFERROR(VLOOKUP(Tabla2[[#This Row],[CODIGO]],Tabla1[],10,0),"") -> 1 | I128: 1 | J128: Ingreso a Inventario | K128: =IFERROR(VLOOKUP(Tabla2[[#This Row],[CODIGO]],Tabla1[],11,0),"") -> COMPRA | L128: ACOSTA ROJAS, JOSEPH ALFONSO | M128: ACUACHI LANCHIPA ERNESTO ALONSO | O128: =Tabla2[[#This Row],[CANTIDAD]]*Tabla2[[#This Row],[PREC. UNITARIO]] -> 0 | R128: =Tabla2[[#This Row],[QUIEN RECIBE]]&"-"&TEXT(Tabla2[[#This Row],[FECHA]],"dd/mm/yyyy") -> ACUACHI LANCHIPA ERNESTO ALONSO-15/09/2025
B129: 45912 | C129: =IFERROR(_xlfn.XLOOKUP(Tabla2[[#This Row],[PRODUCTO]],Tabla1[PRODUCTO],Tabla1[CODIGO]),"") -> IS-30 | D129: Guantes de seguridad Winsafety T/8 | E129: =IFERROR(VLOOKUP(Tabla2[[#This Row],[CODIGO]],Tabla1[],3,0),"") -> IMPLEMENTOS DE SEGURIDAD | F129: =IFERROR(VLOOKUP(Tabla2[[#This Row],[CODIGO]],Tabla1[],5,0),"") -> ALMACEN TICAPAMPA | G129: =IFERROR(VLOOKUP(Tabla2[[#This Row],[CODIGO]],Tabla1[],6,0),"") -> UNI | H129: =IFERROR(VLOOKUP(Tabla2[[#This Row],[CODIGO]],Tabla1[],10,0),"") -> 99 | I129: -3 | J129: Obra | K129: =IFERROR(VLOOKUP(Tabla2[[#This Row],[CODIGO]],Tabla1[],11,0),"") -> COMPRA | L129: NAVARRO LOZANO, ANGEL JAROL | M129: LOZANO MALDONADO, HERNAN | N129: 8 | O129: =Tabla2[[#This Row],[CANTIDAD]]*Tabla2[[#This Row],[PREC. UNITARIO]] -> -24 | R129: =Tabla2[[#This Row],[QUIEN RECIBE]]&"-"&TEXT(Tabla2[[#This Row],[FECHA]],"dd/mm/yyyy") -> LOZANO MALDONADO, HERNAN-12/09/2025
B130: 45915 | C130: =IFERROR(_xlfn.XLOOKUP(Tabla2[[#This Row],[PRODUCTO]],Tabla1[PRODUCTO],Tabla1[CODIGO]),"") -> IE-9 | D130: Grapas para pared | E130: =IFERROR(VLOOKUP(Tabla2[[#This Row],[CODIGO]],Tabla1[],3,0),"") -> INSTALACIONES ELECTRICAS | F130: =IFERROR(VLOOKUP(Tabla2[[#This Row],[CODIGO]],Tabla1[],5,0),"") -> ALMACEN TICAPAMPA | G130: =IFERROR(VLOOKUP(Tabla2[[#This Row],[CODIGO]],Tabla1[],6,0),"") -> BLS | H130: =IFERROR(VLOOKUP(Tabla2[[#This Row],[CODIGO]],Tabla1[],10,0),"") -> 0 | I130: 1 | J130: Ingreso a Inventario | K130: =IFERROR(VLOOKUP(Tabla2[[#This Row],[CODIGO]],Tabla1[],11,0),"") -> COMPRA | L130: ACOSTA ROJAS, JOSEPH ALFONSO | M130: ACUACHI LANCHIPA ERNESTO ALONSO | N130: 10 | O130: =Tabla2[[#This Row],[CANTIDAD]]*Tabla2[[#This Row],[PREC. UNITARIO]] -> 10 | P130: NOTA PEDIDO | R130: =Tabla2[[#This Row],[QUIEN RECIBE]]&"-"&TEXT(Tabla2[[#This Row],[FECHA]],"dd/mm/yyyy") -> ACUACHI LANCHIPA ERNESTO ALONSO-15/09/2025
B131: 45917 | C131: =IFERROR(_xlfn.XLOOKUP(Tabla2[[#This Row],[PRODUCTO]],Tabla1[PRODUCTO],Tabla1[CODIGO]),"") -> COM-1 | D131: Gasolina regular | E131: =IFERROR(VLOOKUP(Tabla2[[#This Row],[CODIGO]],Tabla1[],3,0),"") -> COMBUSTIBLE | F131: =IFERROR(VLOOKUP(Tabla2[[#This Row],[CODIGO]],Tabla1[],5,0),"") -> ALMACEN TICAPAMPA | G131: =IFERROR(VLOOKUP(Tabla2[[#This Row],[CODIGO]],Tabla1[],6,0),"") -> GLN | H131: =IFERROR(VLOOKUP(Tabla2[[#This Row],[CODIGO]],Tabla1[],10,0),"") -> 5.623 | I131: 5.623 | J131: Ingreso a Inventario | K131: =IFERROR(VLOOKUP(Tabla2[[#This Row],[CODIGO]],Tabla1[],11,0),"") -> COMPRA | L131: ACUACHI LANCHIPA ERNESTO ALONSO | M131: ACUACHI LANCHIPA ERNESTO ALONSO | N131: 15.65 | O131: =Tabla2[[#This Row],[CANTIDAD]]*Tabla2[[#This Row],[PREC. UNITARIO]] -> 87.99995 | P131: F001-00010848 | R131: =Tabla2[[#This Row],[QUIEN RECIBE]]&"-"&TEXT(Tabla2[[#This Row],[FECHA]],"dd/mm/yyyy") -> ACUACHI LANCHIPA ERNESTO ALONSO-17/09/2025
B132: 45915 | C132: =IFERROR(_xlfn.XLOOKUP(Tabla2[[#This Row],[PRODUCTO]],Tabla1[PRODUCTO],Tabla1[CODIGO]),"") -> IE-9 | D132: Grapas para pared | E132: =IFERROR(VLOOKUP(Tabla2[[#This Row],[CODIGO]],Tabla1[],3,0),"") -> INSTALACIONES ELECTRICAS | F132: =IFERROR(VLOOKUP(Tabla2[[#This Row],[CODIGO]],Tabla1[],5,0),"") -> ALMACEN TICAPAMPA | G132: =IFERROR(VLOOKUP(Tabla2[[#This Row],[CODIGO]],Tabla1[],6,0),"") -> BLS | H132: =IFERROR(VLOOKUP(Tabla2[[#This Row],[CODIGO]],Tabla1[],10,0),"") -> 0 | I132: -1 | J132: instalaciones electricas | K132: =IFERROR(VLOOKUP(Tabla2[[#This Row],[CODIGO]],Tabla1[],11,0),"") -> COMPRA | L132: ACUACHI LANCHIPA ERNESTO ALONSO | M132: OTROS | O132: =Tabla2[[#This Row],[CANTIDAD]]*Tabla2[[#This Row],[PREC. UNITARIO]] -> 0 | R132: =Tabla2[[#This Row],[QUIEN RECIBE]]&"-"&TEXT(Tabla2[[#This Row],[FECHA]],"dd/mm/yyyy") -> OTROS-15/09/2025
B133: 45918 | C133: =IFERROR(_xlfn.XLOOKUP(Tabla2[[#This Row],[PRODUCTO]],Tabla1[PRODUCTO],Tabla1[CODIGO]),"") -> HM-3 | D133: Disco de corte amoladora 71/16" kulkoni metal | E133: =IFERROR(VLOOKUP(Tabla2[[#This Row],[CODIGO]],Tabla1[],3,0),"") -> HERRAMIENTAS | F133: =IFERROR(VLOOKUP(Tabla2[[#This Row],[CODIGO]],Tabla1[],5,0),"") -> ALMACEN TICAPAMPA | G133: =IFERROR(VLOOKUP(Tabla2[[#This Row],[CODIGO]],Tabla1[],6,0),"") -> UNI | H133: =IFERROR(VLOOKUP(Tabla2[[#This Row],[CODIGO]],Tabla1[],10,0),"") -> 0 | I133: 16 | J133: Ingreso a Inventario | K133: =IFERROR(VLOOKUP(Tabla2[[#This Row],[CODIGO]],Tabla1[],11,0),"") -> COMPRA | L133: ACOSTA ROJAS, JOSEPH ALFONSO | M133: ACUACHI LANCHIPA ERNESTO ALONSO | O133: =Tabla2[[#This Row],[CANTIDAD]]*Tabla2[[#This Row],[PREC. UNITARIO]] -> 0 | R133: =Tabla2[[#This Row],[QUIEN RECIBE]]&"-"&TEXT(Tabla2[[#This Row],[FECHA]],"dd/mm/yyyy") -> ACUACHI LANCHIPA ERNESTO ALONSO-18/09/2025
B134: 45918 | C134: =IFERROR(_xlfn.XLOOKUP(Tabla2[[#This Row],[PRODUCTO]],Tabla1[PRODUCTO],Tabla1[CODIGO]),"") -> HM-3 | D134: Disco de corte amoladora 71/16" kulkoni metal | E134: =IFERROR(VLOOKUP(Tabla2[[#This Row],[CODIGO]],Tabla1[],3,0),"") -> HERRAMIENTAS | F134: =IFERROR(VLOOKUP(Tabla2[[#This Row],[CODIGO]],Tabla1[],5,0),"") -> ALMACEN TICAPAMPA | G134: =IFERROR(VLOOKUP(Tabla2[[#This Row],[CODIGO]],Tabla1[],6,0),"") -> UNI | H134: =IFERROR(VLOOKUP(Tabla2[[#This Row],[CODIGO]],Tabla1[],10,0),"") -> 0 | I134: -1 | J134: CORTAR FIERRO | K134: =IFERROR(VLOOKUP(Tabla2[[#This Row],[CODIGO]],Tabla1[],11,0),"") -> COMPRA | L134: NAVARRO LOZANO, ANGEL JAROL | M134: JEREMIAS PALOMINO, NORBERTO LEONCIO | O134: =Tabla2[[#This Row],[CANTIDAD]]*Tabla2[[#This Row],[PREC. UNITARIO]] -> 0 | R134: =Tabla2[[#This Row],[QUIEN RECIBE]]&"-"&TEXT(Tabla2[[#This Row],[FECHA]],"dd/mm/yyyy") -> JEREMIAS PALOMINO, NORBERTO LEONCIO-18/09/2025
B135: 45918 | C135: =IFERROR(_xlfn.XLOOKUP(Tabla2[[#This Row],[PRODUCTO]],Tabla1[PRODUCTO],Tabla1[CODIGO]),"") -> ISA-8 | D135: Llave de paso 1" | E135: =IFERROR(VLOOKUP(Tabla2[[#This Row],[CODIGO]],Tabla1[],3,0),"") -> INSTALACIONES SANITARIAS | F135: =IFERROR(VLOOKUP(Tabla2[[#This Row],[CODIGO]],Tabla1[],5,0),"") -> ALMACEN TICAPAMPA | G135: =IFERROR(VLOOKUP(Tabla2[[#This Row],[CODIGO]],Tabla1[],6,0),"") -> UNI | H135: =IFERROR(VLOOKUP(Tabla2[[#This Row],[CODIGO]],Tabla1[],10,0),"") -> 1 | I135: 1 | J135: Ingreso a Inventario | K135: =IFERROR(VLOOKUP(Tabla2[[#This Row],[CODIGO]],Tabla1[],11,0),"") -> COMPRA | L135: ACOSTA ROJAS, JOSEPH ALFONSO | M135: ACUACHI LANCHIPA ERNESTO ALONSO | N135: 12 | O135: =Tabla2[[#This Row],[CANTIDAD]]*Tabla2[[#This Row],[PREC. UNITARIO]] -> 12 | P135: NOTA PEDIDO | R135: =Tabla2[[#This Row],[QUIEN RECIBE]]&"-"&TEXT(Tabla2[[#This Row],[FECHA]],"dd/mm/yyyy") -> ACUACHI LANCHIPA ERNESTO ALONSO-18/09/2025
B136: 45918 | C136: =IFERROR(_xlfn.XLOOKUP(Tabla2[[#This Row],[PRODUCTO]],Tabla1[PRODUCTO],Tabla1[CODIGO]),"") -> ISA-8 | D136: Llave de paso 1" | E136: =IFERROR(VLOOKUP(Tabla2[[#This Row],[CODIGO]],Tabla1[],3,0),"") -> INSTALACIONES SANITARIAS | F136: =IFERROR(VLOOKUP(Tabla2[[#This Row],[CODIGO]],Tabla1[],5,0),"") -> ALMACEN TICAPAMPA | G136: =IFERROR(VLOOKUP(Tabla2[[#This Row],[CODIGO]],Tabla1[],6,0),"") -> UNI | H136: =IFERROR(VLOOKUP(Tabla2[[#This Row],[CODIGO]],Tabla1[],10,0),"") -> 1 | I136: -1 | J136: Colocar tanque negro | K136: =IFERROR(VLOOKUP(Tabla2[[#This Row],[CODIGO]],Tabla1[],11,0),"") -> COMPRA | L136: ACUACHI LANCHIPA ERNESTO ALONSO | M136: ADUVIRE ARGUATA, MARIO ARTURO | O136: =Tabla2[[#This Row],[CANTIDAD]]*Tabla2[[#This Row],[PREC. UNITARIO]] -> 0 | R136: =Tabla2[[#This Row],[QUIEN RECIBE]]&"-"&TEXT(Tabla2[[#This Row],[FECHA]],"dd/mm/yyyy") -> ADUVIRE ARGUATA, MARIO ARTURO-18/09/2025
...

Sheet ENTREGA MATERIALES1
B8: FECHA | C8: CODIGO PRODUCTO | D8: DESCRIPCION PRODUCTO | E8: CANTIDAD ENTREGADA | F8: UNIDAD | G8: A QUIEN SE ENTRGA | H8: RESPONSABLE | I8: MATERIAL | J8: FORMULA | K8: RETORNO | L8: HORA DE SALIDA | M8: HORA DE INGRESO | N8: FECHA RETORNO
B9: 45917 | C9: =_xlfn.XLOOKUP(ENTREGA[[#This Row],[DESCRIPCION PRODUCTO]],PRODUCTOS!$C$8:$C$1853,PRODUCTOS!$B$8:$B$1853,"") -> IS-3 | D9: Pantalon jeans dama s/marca T/30 | E9: 1 | F9: UNI | G9: ALEJO CHARCA, DENNYS MIRIAM | H9: ERNESTO ACUACHI LANCHIPA | I9: EPP | J9: =CONCATENATE(ENTREGA[[#This Row],[A QUIEN SE ENTRGA]],"",TEXT(ENTREGA[[#This Row],[FECHA]],"dd/mm/yyyy")) -> ALEJO CHARCA, DENNYS MIRIAM17/09/2025 | K9: SIN RETORNO
B10: 45917 | C10: =_xlfn.XLOOKUP(ENTREGA[[#This Row],[DESCRIPCION PRODUCTO]],PRODUCTOS!$C$8:$C$1853,PRODUCTOS!$B$8:$B$1853,"") -> IS-11 | D10: Camisa dama Fort Sport T/M | E10: 2 | F10: UNI | G10: ALEJO CHARCA, DENNYS MIRIAM | H10: ERNESTO ACUACHI LANCHIPA | I10: EPP | J10: =CONCATENATE(ENTREGA[[#This Row],[A QUIEN SE ENTRGA]],"",TEXT(ENTREGA[[#This Row],[FECHA]],"dd/mm/yyyy")) -> ALEJO CHARCA, DENNYS MIRIAM17/09/2025 | K10: SIN RETORNO
B11: 45917 | C11: =_xlfn.XLOOKUP(ENTREGA[[#This Row],[DESCRIPCION PRODUCTO]],PRODUCTOS!$C$8:$C$1853,PRODUCTOS!$B$8:$B$1853,"") -> IS-18 | D11: Casco de seguridad blanco 3M | E11: 1 | F11: UNI | G11: ALEJO CHARCA, DENNYS MIRIAM | H11: ERNESTO ACUACHI LANCHIPA | I11: EPP | J11: =CONCATENATE(ENTREGA[[#This Row],[A QUIEN SE ENTRGA]],"",TEXT(ENTREGA[[#This Row],[FECHA]],"dd/mm/yyyy")) -> ALEJO CHARCA, DENNYS MIRIAM17/09/2025 | K11: SIN RETORNO
B12: 45917 | C12: =_xlfn.XLOOKUP(ENTREGA[[#This Row],[DESCRIPCION PRODUCTO]],PRODUCTOS!$C$8:$C$1853,PRODUCTOS!$B$8:$B$1853,"") -> IS-8 | D12: Chaleco Steel Power T/M | E12: 1 | F12: UNI | G12: ALEJO CHARCA, DENNYS MIRIAM | H12: ERNESTO ACUACHI LANCHIPA | I12: EPP | J12: =CONCATENATE(ENTREGA[[#This Row],[A QUIEN SE ENTRGA]],"",TEXT(ENTREGA[[#This Row],[FECHA]],"dd/mm/yyyy")) -> ALEJO CHARCA, DENNYS MIRIAM17/09/2025 | K12: SIN RETORNO
B13: 45917 | C13: =_xlfn.XLOOKUP(ENTREGA[[#This Row],[DESCRIPCION PRODUCTO]],PRODUCTOS!$C$8:$C$1853,PRODUCTOS!$B$8:$B$1853,"") -> IS-23 | D13: Lentes de seguridad luna blanca Spro Startec | E13: 1 | F13: UNI | G13: ALEJO CHARCA, DENNYS MIRIAM | H13: ERNESTO ACUACHI LANCHIPA | I13: EPP | J13: =CONCATENATE(ENTREGA[[#This Row],[A QUIEN SE ENTRGA]],"",TEXT(ENTREGA[[#This Row],[FECHA]],"dd/mm/yyyy")) -> ALEJO CHARCA, DENNYS MIRIAM17/09/2025 | K13: SIN RETORNO
B14: 45917 | C14: =_xlfn.XLOOKUP(ENTREGA[[#This Row],[DESCRIPCION PRODUCTO]],PRODUCTOS!$C$8:$C$1853,PRODUCTOS!$B$8:$B$1853,"") -> IS-28 | D14: Lentes de seguridad luna oscura Clute/Astros | E14: 1 | F14: UNI | G14: ALEJO CHARCA, DENNYS MIRIAM | H14: ERNESTO ACUACHI LANCHIPA | I14: EPP | J14: =CONCATENATE(ENTREGA[[#This Row],[A QUIEN SE ENTRGA]],"",TEXT(ENTREGA[[#This Row],[FECHA]],"dd/mm/yyyy")) -> ALEJO CHARCA, DENNYS MIRIAM17/09/2025 | K14: SIN RETORNO
B15: 45917 | C15: =_xlfn.XLOOKUP(ENTREGA[[#This Row],[DESCRIPCION PRODUCTO]],PRODUCTOS!$C$8:$C$1853,PRODUCTOS!$B$8:$B$1853,"") -> IS-25 | D15: Cubre barbilla Tridente | E15: 1 | F15: UNI | G15: ALEJO CHARCA, DENNYS MIRIAM | H15: ERNESTO ACUACHI LANCHIPA | I15: EPP | J15: =CONCATENATE(ENTREGA[[#This Row],[A QUIEN SE ENTRGA]],"",TEXT(ENTREGA[[#This Row],[FECHA]],"dd/mm/yyyy")) -> ALEJO CHARCA, DENNYS MIRIAM17/09/2025 | K15: SIN RETORNO
B16: 45917 | C16: =_xlfn.XLOOKUP(ENTREGA[[#This Row],[DESCRIPCION PRODUCTO]],PRODUCTOS!$C$8:$C$1853,PRODUCTOS!$B$8:$B$1853,"") -> IS-14 | D16: Cortaviento diferentes colores | E16: 1 | F16: UNI | G16: ALEJO CHARCA, DENNYS MIRIAM | H16: ERNESTO ACUACHI LANCHIPA | I16: EPP | J16: =CONCATENATE(ENTREGA[[#This Row],[A QUIEN SE ENTRGA]],"",TEXT(ENTREGA[[#This Row],[FECHA]],"dd/mm/yyyy")) -> ALEJO CHARCA, DENNYS MIRIAM17/09/2025 | K16: SIN RETORNO
B17: 45917 | C17: =_xlfn.XLOOKUP(ENTREGA[[#This Row],[DESCRIPCION PRODUCTO]],PRODUCTOS!$C$8:$C$1853,PRODUCTOS!$B$8:$B$1853,"") -> IS-5 | D17: Pantalon jeans dama s/maca T/34 | E17: 1 | F17: UNI | G17: SILVA BORDA, ARLETTE NINOSKA | H17: ERNESTO ACUACHI LANCHIPA | I17: EPP | J17: =CONCATENATE(ENTREGA[[#This Row],[A QUIEN SE ENTRGA]],"",TEXT(ENTREGA[[#This Row],[FECHA]],"dd/mm/yyyy")) -> SILVA BORDA, ARLETTE NINOSKA17/09/2025 | K17: SIN RETORNO
B18: 45917 | C18: =_xlfn.XLOOKUP(ENTREGA[[#This Row],[DESCRIPCION PRODUCTO]],PRODUCTOS!$C$8:$C$1853,PRODUCTOS!$B$8:$B$1853,"") -> IS-11 | D18: Camisa dama Fort Sport T/M | E18: 1 | F18: UNI | G18: SILVA BORDA, ARLETTE NINOSKA | H18: ERNESTO ACUACHI LANCHIPA | I18: EPP | J18: =CONCATENATE(ENTREGA[[#This Row],[A QUIEN SE ENTRGA]],"",TEXT(ENTREGA[[#This Row],[FECHA]],"dd/mm/yyyy")) -> SILVA BORDA, ARLETTE NINOSKA17/09/2025 | K18: SIN RETORNO
B19: 45917 | C19: =_xlfn.XLOOKUP(ENTREGA[[#This Row],[DESCRIPCION PRODUCTO]],PRODUCTOS!$C$8:$C$1853,PRODUCTOS!$B$8:$B$1853,"") -> IS-12 | D19: Camisa dama Fort Sport T/L | E19: 1 | F19: UNI | G19: SILVA BORDA, ARLETTE NINOSKA | H19: ERNESTO ACUACHI LANCHIPA | I19: EPP | J19: =CONCATENATE(ENTREGA[[#This Row],[A QUIEN SE ENTRGA]],"",TEXT(ENTREGA[[#This Row],[FECHA]],"dd/mm/yyyy")) -> SILVA BORDA, ARLETTE NINOSKA17/09/2025 | K19: SIN RETORNO
B20: 45917 | C20: =_xlfn.XLOOKUP(ENTREGA[[#This Row],[DESCRIPCION PRODUCTO]],PRODUCTOS!$C$8:$C$1853,PRODUCTOS!$B$8:$B$1853,"") -> IS-18 | D20: Casco de seguridad blanco 3M | E20: 1 | F20: UNI | G20: SILVA BORDA, ARLETTE NINOSKA | H20: ERNESTO ACUACHI LANCHIPA | I20: EPP | J20: =CONCATENATE(ENTREGA[[#This Row],[A QUIEN SE ENTRGA]],"",TEXT(ENTREGA[[#This Row],[FECHA]],"dd/mm/yyyy")) -> SILVA BORDA, ARLETTE NINOSKA17/09/2025 | K20: SIN RETORNO
... B35: 45918 | C35: =_xlfn.XLOOKUP(ENTREGA[[#This Row],[DESCRIPCION PRODUCTO]],PRODUCTOS!$C$8:$C$1853,PRODUCTOS!$B$8:$B$1853,"") -> ISA-8 | D35: Llave de paso 1" | E35: 1 | F35: UNI | G35: ADUVIRE ARGUATA, MARIO ARTURO | H35: ERNESTO ACUACHI LANCHIPA | I35: Gasfiteria | J35: =CONCATENATE(ENTREGA[[#This Row],[A QUIEN SE ENTRGA]],"",TEXT(ENTREGA[[#This Row],[FECHA]],"dd/mm/yyyy")) -> ADUVIRE ARGUATA, MARIO ARTURO18/09/2025 | K35: SIN RETORNO
B36: 45919 | C36: =_xlfn.XLOOKUP(ENTREGA[[#This Row],[DESCRIPCION PRODUCTO]],PRODUCTOS!$C$8:$C$1853,PRODUCTOS!$B$8:$B$1853,"") -> HM-4 | D36: Amoladora mano 9" Bosch, MD/3601HF40E0 2500W | E36: 1 | F36: UNI | G36: CHACON ORTIZ, JOSE ANTONIO | H36: ERNESTO ACUACHI LANCHIPA | I36: HERRAMIENTAS | J36: =CONCATENATE(ENTREGA[[#This Row],[A QUIEN SE ENTRGA]],"",TEXT(ENTREGA[[#This Row],[FECHA]],"dd/mm/yyyy")) -> CHACON ORTIZ, JOSE ANTONIO19/09/2025 | K36: CON RETORNO | L36: 0.59722222
B37: 45919 | C37: =_xlfn.XLOOKUP(ENTREGA[[#This Row],[DESCRIPCION PRODUCTO]],PRODUCTOS!$C$8:$C$1853,PRODUCTOS!$B$8:$B$1853,"") -> HM-5 | D37: Disco de corte amoladora 9" bosch | E37: 1 | F37: UNI | G37: CHACON ORTIZ, JOSE ANTONIO | H37: ERNESTO ACUACHI LANCHIPA | I37: HERRAMIENTAS | J37: =CONCATENATE(ENTREGA[[#This Row],[A QUIEN SE ENTRGA]],"",TEXT(ENTREGA[[#This Row],[FECHA]],"dd/mm/yyyy")) -> CHACON ORTIZ, JOSE ANTONIO19/09/2025 | K37: SIN RETORNO | L37: 0.59722222
B38: 45919 | C38: =_xlfn.XLOOKUP(ENTREGA[[#This Row],[DESCRIPCION PRODUCTO]],PRODUCTOS!$C$8:$C$1853,PRODUCTOS!$B$8:$B$1853,"") -> COM-2 | D38: Petroleo | E38: 83 | F38: GLN | G38: VILLEGAS ROGER | H38: ERNESTO ACUACHI LANCHIPA | I38: COMBUSTIBLE | J38: =CONCATENATE(ENTREGA[[#This Row],[A QUIEN SE ENTRGA]],"",TEXT(ENTREGA[[#This Row],[FECHA]],"dd/mm/yyyy")) -> VILLEGAS ROGER19/09/2025 | K38: SIN RETORNO
B39: 45922 | C39: =_xlfn.XLOOKUP(ENTREGA[[#This Row],[DESCRIPCION PRODUCTO]],PRODUCTOS!$C$8:$C$1853,PRODUCTOS!$B$8:$B$1853,"") -> IS-1 | D39: Pantalon jeans varon M/Jusbrend T/34 | E39: 2 | F39: UNI | G39: ADUVIRE ARGUATA, MARIO ARTURO | H39: ERNESTO ACUACHI LANCHIPA | I39: EPP | J39: =CONCATENATE(ENTREGA[[#This Row],[A QUIEN SE ENTRGA]],"",TEXT(ENTREGA[[#This Row],[FECHA]],"dd/mm/yyyy")) -> ADUVIRE ARGUATA, MARIO ARTURO22/09/2025 | K39: SIN RETORNO | L39: 0.29166667
B40: 45922 | C40: =_xlfn.XLOOKUP(ENTREGA[[#This Row],[DESCRIPCION PRODUCTO]],PRODUCTOS!$C$8:$C$1853,PRODUCTOS!$B$8:$B$1853,"") -> IS-36 | D40: Poleras manga larga ploma | E40: 2 | F40: UNI | G40: ADUVIRE ARGUATA, MARIO ARTURO | H40: ERNESTO ACUACHI LANCHIPA | I40: EPP | J40: =CONCATENATE(ENTREGA[[#This Row],[A QUIEN SE ENTRGA]],"",TEXT(ENTREGA[[#This Row],[FECHA]],"dd/mm/yyyy")) -> ADUVIRE ARGUATA, MARIO ARTURO22/09/2025 | K40: SIN RETORNO | L40: 0.29166667
B41: 45922 | C41: =_xlfn.XLOOKUP(ENTREGA[[#This Row],[DESCRIPCION PRODUCTO]],PRODUCTOS!$C$8:$C$1853,PRODUCTOS!$B$8:$B$1853,"") -> IS-31 | D41: Chaleco drill T/L | E41: 1 | F41: UNI | G41: ADUVIRE ARGUATA, MARIO ARTURO | H41: ERNESTO ACUACHI LANCHIPA | I41: EPP | J41: =CONCATENATE(ENTREGA[[#This Row],[A QUIEN SE ENTRGA]],"",TEXT(ENTREGA[[#This Row],[FECHA]],"dd/mm/yyyy")) -> ADUVIRE ARGUATA, MARIO ARTURO22/09/2025 | K41: SIN RETORNO | L41: 0.29166667
B42: 45922 | C42: =_xlfn.XLOOKUP(ENTREGA[[#This Row],[DESCRIPCION PRODUCTO]],PRODUCTOS!$C$8:$C$1853,PRODUCTOS!$B$8:$B$1853,"") -> IS-17 | D42: Zapato de seguridad Hunter T/42 | E42: 2 | F42: UNI | G42: ADUVIRE ARGUATA, MARIO ARTURO | H42: ERNESTO ACUACHI LANCHIPA | I42: EPP | J42: =CONCATENATE(ENTREGA[[#This Row],[A QUIEN SE ENTRGA]],"",TEXT(ENTREGA[[#This Row],[FECHA]],"dd/mm/yyyy")) -> ADUVIRE ARGUATA, MARIO ARTURO22/09/2025 | K42: SIN RETORNO | L42: 0.29166667
B43: 45922 | C43: =_xlfn.XLOOKUP(ENTREGA[[#This Row],[DESCRIPCION PRODUCTO]],PRODUCTOS!$C$8:$C$1853,PRODUCTOS!$B$8:$B$1853,"") -> IS-28 | D43: Lentes de seguridad luna oscura Clute/Astros | E43: 1 | F43: UNI | G43: ADUVIRE ARGUATA, MARIO ARTURO | H43: ERNESTO ACUACHI LANCHIPA | I43: EPP | J43: =CONCATENATE(ENTREGA[[#This Row],[A QUIEN SE ENTRGA]],"",TEXT(ENTREGA[[#This Row],[FECHA]],"dd/mm/yyyy")) -> ADUVIRE ARGUATA, MARIO ARTURO22/09/2025 | K43: SIN RETORNO | L43: 0.29166667
B44: 45922 | C44: =_xlfn.XLOOKUP(ENTREGA[[#This Row],[DESCRIPCION PRODUCTO]],PRODUCTOS!$C$8:$C$1853,PRODUCTOS!$B$8:$B$1853,"") -> IS-14 | D44: Cortaviento diferentes colores | E44: 1 | F44: UNI | G44: ADUVIRE ARGUATA, MARIO ARTURO | H44: ERNESTO ACUACHI LANCHIPA | I44: EPP | J44: =CONCATENATE(ENTREGA[[#This Row],[A QUIEN SE ENTRGA]],"",TEXT(ENTREGA[[#This Row],[FECHA]],"dd/mm/yyyy")) -> ADUVIRE ARGUATA, MARIO ARTURO22/09/2025 | K44: SIN RETORNO | L44: 0.29166667
B45: 45922 | C45: =_xlfn.XLOOKUP(ENTREGA[[#This Row],[DESCRIPCION PRODUCTO]],PRODUCTOS!$C$8:$C$1853,PRODUCTOS!$B$8:$B$1853,"") -> IS-30 | D45: Guantes de seguridad Winsafety T/8 | E45: 1 | F45: UNI | G45: ADUVIRE ARGUATA, MARIO ARTURO | H45: ERNESTO ACUACHI LANCHIPA | I45: EPP | J45: =CONCATENATE(ENTREGA[[#This Row],[A QUIEN SE ENTRGA]],"",TEXT(ENTREGA[[#This Row],[FECHA]],"dd/mm/yyyy")) -> ADUVIRE ARGUATA, MARIO ARTURO22/09/2025 | K45: SIN RETORNO | L45: 0.29166667
B46: 45922 | C46: =_xlfn.XLOOKUP(ENTREGA[[#This Row],[DESCRIPCION PRODUCTO]],PRODUCTOS!$C$8:$C$1853,PRODUCTOS!$B$8:$B$1853,"") -> IS-31 | D46: Chaleco drill T/L | E46: 1 | F46: UNI | G46: JEREMIAS PALOMINO, NORBERTO LEONCIO | H46: ERNESTO ACUACHI LANCHIPA | I46: EPP | J46: =CONCATENATE(ENTREGA[[#This Row],[A QUIEN SE ENTRGA]],"",TEXT(ENTREGA[[#This Row],[FECHA]],"dd/mm/yyyy")) -> JEREMIAS PALOMINO, NORBERTO LEONCIO22/09/2025 | K46: SIN RETORNO | L46: 0.29166667
B47: 45922 | C47: =_xlfn.XLOOKUP(ENTREGA[[#This Row],[DESCRIPCION PRODUCTO]],PRODUCTOS!$C$8:$C$1853,PRODUCTOS!$B$8:$B$1853,"") -> IS-14 | D47: Cortaviento diferentes colores | E47: 1 | F47: UNI | G47: JEREMIAS PALOMINO, NORBERTO LEONCIO | H47: ERNESTO ACUACHI LANCHIPA | I47: EPP | J47: =CONCATENATE(ENTREGA[[#This Row],[A QUIEN SE ENTRGA]],"",TEXT(ENTREGA[[#This Row],[FECHA]],"dd/mm/yyyy")) -> JEREMIAS PALOMINO, NORBERTO LEONCIO22/09/2025 | K47: SIN RETORNO | L47: 0.29166667
B48: 45922 | C48: =_xlfn.XLOOKUP(ENTREGA[[#This Row],[DESCRIPCION PRODUCTO]],PRODUCTOS!$C$8:$C$1853,PRODUCTOS!$B$8:$B$1853,"") -> IS-31 | D48: Chaleco drill T/L | E48: 1 | F48: UNI | G48: MAYTAHUARI ACOSTA, SAMMER AXEL | H48: ERNESTO ACUACHI LANCHIPA | I48: EPP | J48: =CONCATENATE(ENTREGA[[#This Row],[A QUIEN SE ENTRGA]],"",TEXT(ENTREGA[[#This Row],[FECHA]],"dd/mm/yyyy")) -> MAYTAHUARI ACOSTA, SAMMER AXEL22/09/2025 | K48: SIN RETORNO | L48: 0.29166667
B49: 45922 | C49: =_xlfn.XLOOKUP(ENTREGA[[#This Row],[DESCRIPCION PRODUCTO]],PRODUCTOS!$C$8:$C$1853,PRODUCTOS!$B$8:$B$1853,"") -> IS-14 | D49: Cortaviento diferentes colores | E49: 1 | F49: UNI | G49: MAYTAHUARI ACOSTA, SAMMER AXEL | H49: ERNESTO ACUACHI LANCHIPA | I49: EPP | J49: =CONCATENATE(ENTREGA[[#This Row],[A QUIEN SE ENTRGA]],"",TEXT(ENTREGA[[#This Row],[FECHA]],"dd/mm/yyyy")) -> MAYTAHUARI ACOSTA, SAMMER AXEL22/09/2025 | K49: SIN RETORNO | L49: 0.29166667
B50: 45922 | C50: =_xlfn.XLOOKUP(ENTREGA[[#This Row],[DESCRIPCION PRODUCTO]],PRODUCTOS!$C$8:$C$1853,PRODUCTOS!$B$8:$B$1853,"") -> IS-31 | D50: Chaleco drill T/L | E50: 1 | F50: UNI | G50: PIÑA CHUJANDAMA, KEVIN | H50: ERNESTO ACUACHI LANCHIPA | I50: EPP | J50: =CONCATENATE(ENTREGA[[#This Row],[A QUIEN SE ENTRGA]],"",TEXT(ENTREGA[[#This Row],[FECHA]],"dd/mm/yyyy")) -> PIÑA CHUJANDAMA, KEVIN22/09/2025 | K50: SIN RETORNO | L50: 0.29166667
... B65: 45922 | C65: =_xlfn.XLOOKUP(ENTREGA[[#This Row],[DESCRIPCION PRODUCTO]],PRODUCTOS!$C$8:$C$1853,PRODUCTOS!$B$8:$B$1853,"") -> IS-14 | D65: Cortaviento diferentes colores | E65: 1 | F65: UNI | G65: CHACON ORTIZ, JOSE ANTONIO | H65: ERNESTO ACUACHI LANCHIPA | I65: EPP | J65: =CONCATENATE(ENTREGA[[#This Row],[A QUIEN SE ENTRGA]],"",TEXT(ENTREGA[[#This Row],[FECHA]],"dd/mm/yyyy")) -> CHACON ORTIZ, JOSE ANTONIO22/09/2025 | K65: SIN RETORNO | L65: 0
B66: 45922 | C66: =_xlfn.XLOOKUP(ENTREGA[[#This Row],[DESCRIPCION PRODUCTO]],PRODUCTOS!$C$8:$C$1853,PRODUCTOS!$B$8:$B$1853,"") -> IS-33 | D66: Chaleco drill T/XXL | E66: 1 | F66: UNI | G66: CHACON ORTIZ, JOSE ANTONIO | H66: ERNESTO ACUACHI LANCHIPA | I66: EPP | J66: =CONCATENATE(ENTREGA[[#This Row],[A QUIEN SE ENTRGA]],"",TEXT(ENTREGA[[#This Row],[FECHA]],"dd/mm/yyyy")) -> CHACON ORTIZ, JOSE ANTONIO22/09/2025 | K66: SIN RETORNO
B67: 45922 | C67: =_xlfn.XLOOKUP(ENTREGA[[#This Row],[DESCRIPCION PRODUCTO]],PRODUCTOS!$C$8:$C$1853,PRODUCTOS!$B$8:$B$1853,"") -> IS-30 | D67: Guantes de seguridad Winsafety T/8 | E67: 1 | F67: UNI | G67: CHACON ORTIZ, JOSE ANTONIO | H67: ERNESTO ACUACHI LANCHIPA | I67: EPP | J67: =CONCATENATE(ENTREGA[[#This Row],[A QUIEN SE ENTRGA]],"",TEXT(ENTREGA[[#This Row],[FECHA]],"dd/mm/yyyy")) -> CHACON ORTIZ, JOSE ANTONIO22/09/2025 | K67: SIN RETORNO
B68: 45922 | C68: =_xlfn.XLOOKUP(ENTREGA[[#This Row],[DESCRIPCION PRODUCTO]],PRODUCTOS!$C$8:$C$1853,PRODUCTOS!$B$8:$B$1853,"") -> IS-28 | D68: Lentes de seguridad luna oscura Clute/Astros | E68: 1 | F68: UNI | G68: CHACON ORTIZ, JOSE ANTONIO | H68: ERNESTO ACUACHI LANCHIPA | I68: EPP | J68: =CONCATENATE(ENTREGA[[#This Row],[A QUIEN SE ENTRGA]],"",TEXT(ENTREGA[[#This Row],[FECHA]],"dd/mm/yyyy")) -> CHACON ORTIZ, JOSE ANTONIO22/09/2025 | K68: SIN RETORNO
B69: 45922 | C69: =_xlfn.XLOOKUP(ENTREGA[[#This Row],[DESCRIPCION PRODUCTO]],PRODUCTOS!$C$8:$C$1853,PRODUCTOS!$B$8:$B$1853,"") -> IS-2 | D69: Pantalon jeans varon M/Jusbrend T/32 | E69: 1 | F69: UNI | G69: ORDOÑEZ CONDORI, GILBERTO | H69: ERNESTO ACUACHI LANCHIPA | I69: EPP | J69: =CONCATENATE(ENTREGA[[#This Row],[A QUIEN SE ENTRGA]],"",TEXT(ENTREGA[[#This Row],[FECHA]],"dd/mm/yyyy")) -> ORDOÑEZ CONDORI, GILBERTO 22/09/2025 | K69: SIN RETORNO
B70: 45922 | C70: =_xlfn.XLOOKUP(ENTREGA[[#This Row],[DESCRIPCION PRODUCTO]],PRODUCTOS!$C$8:$C$1853,PRODUCTOS!$B$8:$B$1853,"") -> IS-36 | D70: Poleras manga larga ploma | E70: 1 | F70: UNI | G70: ORDOÑEZ CONDORI, GILBERTO | H70: ERNESTO ACUACHI LANCHIPA | I70: EPP | J70: =CONCATENATE(ENTREGA[[#This Row],[A QUIEN SE ENTRGA]],"",TEXT(ENTREGA[[#This Row],[FECHA]],"dd/mm/yyyy")) -> ORDOÑEZ CONDORI, GILBERTO 22/09/2025 | K70: SIN RETORNO
B71: 45922 | C71: =_xlfn.XLOOKUP(ENTREGA[[#This Row],[DESCRIPCION PRODUCTO]],PRODUCTOS!$C$8:$C$1853,PRODUCTOS!$B$8:$B$1853,"") -> IS-31 | D71: Chaleco drill T/L | E71: 1 | F71: UNI | G71: ORDOÑEZ CONDORI, GILBERTO | H71: ERNESTO ACUACHI LANCHIPA | I71: EPP | J71: =CONCATENATE(ENTREGA[[#This Row],[A QUIEN SE ENTRGA]],"",TEXT(ENTREGA[[#This Row],[FECHA]],"dd/mm/yyyy")) -> ORDOÑEZ CONDORI, GILBERTO 22/09/2025 | K71: SIN RETORNO
B72: 45922 | C72: =_xlfn.XLOOKUP(ENTREGA[[#This Row],[DESCRIPCION PRODUCTO]],PRODUCTOS!$C$8:$C$1853,PRODUCTOS!$B$8:$B$1853,"") -> IS-30 | D72: Guantes de seguridad Winsafety T/8 | E72: 1 | F72: UNI | G72: ORDOÑEZ CONDORI, GILBERTO | H72: ERNESTO ACUACHI LANCHIPA | I72: EPP | J72: =CONCATENATE(ENTREGA[[#This Row],[A QUIEN SE ENTRGA]],"",TEXT(ENTREGA[[#This Row],[FECHA]],"dd/mm/yyyy")) -> ORDOÑEZ CONDORI, GILBERTO 22/09/2025 | K72: SIN RETORNO
B73: 45922 | C73: =_xlfn.XLOOKUP(ENTREGA[[#This Row],[DESCRIPCION PRODUCTO]],PRODUCTOS!$C$8:$C$1853,PRODUCTOS!$B$8:$B$1853,"") -> IS-14 | D73: Cortaviento diferentes colores | E73: 1 | F73: UNI | G73: ORDOÑEZ CONDORI, GILBERTO | H73: ERNESTO ACUACHI LANCHIPA | I73: EPP | J73: =CONCATENATE(ENTREGA[[#This Row],[A QUIEN SE ENTRGA]],"",TEXT(ENTREGA[[#This Row],[FECHA]],"dd/mm/yyyy")) -> ORDOÑEZ CONDORI, GILBERTO 22/09/2025 | K73: SIN RETORNO
B74: 45922 | C74: =_xlfn.XLOOKUP(ENTREGA[[#This Row],[DESCRIPCION PRODUCTO]],PRODUCTOS!$C$8:$C$1853,PRODUCTOS!$B$8:$B$1853,"") -> IS-28 | D74: Lentes de seguridad luna oscura Clute/Astros | E74: 1 | F74: UNI | G74: ORDOÑEZ CONDORI, GILBERTO | H74: ERNESTO ACUACHI LANCHIPA | I74: EPP | J74: =CONCATENATE(ENTREGA[[#This Row],[A QUIEN SE ENTRGA]],"",TEXT(ENTREGA[[#This Row],[FECHA]],"dd/mm/yyyy")) -> ORDOÑEZ CONDORI, GILBERTO 22/09/2025 | K74: SIN RETORNO
B75: 45922 | C75: =_xlfn.XLOOKUP(ENTREGA[[#This Row],[DESCRIPCION PRODUCTO]],PRODUCTOS!$C$8:$C$1853,PRODUCTOS!$B$8:$B$1853,"") -> IS-21 | D75: Casco de seguridad amarillo Asthers | E75: 1 | F75: UNI | G75: ORDOÑEZ CONDORI, GILBERTO | H75: ERNESTO ACUACHI LANCHIPA | I75: EPP | J75: =CONCATENATE(ENTREGA[[#This Row],[A QUIEN SE ENTRGA]],"",TEXT(ENTREGA[[#This Row],[FECHA]],"dd/mm/yyyy")) -> ORDOÑEZ CONDORI, GILBERTO 22/09/2025 | K75: SIN RETORNO
B76: 45922 | C76: =_xlfn.XLOOKUP(ENTREGA[[#This Row],[DESCRIPCION PRODUCTO]],PRODUCTOS!$C$8:$C$1853,PRODUCTOS!$B$8:$B$1853,"") -> IS-1 | D76: Pantalon jeans varon M/Jusbrend T/34 | E76: 1 | F76: UNI | G76: QUISPE LIMACHE, ROGELIO | H76: ERNESTO ACUACHI LANCHIPA | I76: EPP | J76: =CONCATENATE(ENTREGA[[#This Row],[A QUIEN SE ENTRGA]],"",TEXT(ENTREGA[[#This Row],[FECHA]],"dd/mm/yyyy")) -> QUISPE LIMACHE, ROGELIO 22/09/2025 | K76: SIN RETORNO
B77: 45922 | C77: =_xlfn.XLOOKUP(ENTREGA[[#This Row],[DESCRIPCION PRODUCTO]],PRODUCTOS!$C$8:$C$1853,PRODUCTOS!$B$8:$B$1853,"") -> IS-36 | D77: Poleras manga larga ploma | E77: 2 | F77: UNI | G77: QUISPE LIMACHE, ROGELIO | H77: ERNESTO ACUACHI LANCHIPA | I77: EPP | J77: =CONCATENATE(ENTREGA[[#This Row],[A QUIEN SE ENTRGA]],"",TEXT(ENTREGA[[#This Row],[FECHA]],"dd/mm/yyyy")) -> QUISPE LIMACHE, ROGELIO 22/09/2025 | K77: SIN RETORNO
... B122: 45923 | C122: =_xlfn.XLOOKUP(ENTREGA[[#This Row],[DESCRIPCION PRODUCTO]],PRODUCTOS!$C$8:$C$1853,PRODUCTOS!$B$8:$B$1853,"") -> IS-5 | D122: Pantalon jeans dama s/maca T/34 | E122: 1 | F122: UNI | G122: SILVA BORDA, ARLETTE NINOSKA | H122: ERNESTO ACUACHI LANCHIPA | I122: EPP | J122: =CONCATENATE(ENTREGA[[#This Row],[A QUIEN SE ENTRGA]],"",TEXT(ENTREGA[[#This Row],[FECHA]],"dd/mm/yyyy")) -> SILVA BORDA, ARLETTE NINOSKA23/09/2025 | K122: SIN RETORNO
B123: 45924 | C123: =_xlfn.XLOOKUP(ENTREGA[[#This Row],[DESCRIPCION PRODUCTO]],PRODUCTOS!$C$8:$C$1853,PRODUCTOS!$B$8:$B$1853,"") -> AGU-1 | D123: Agua Vital 20lt | E123: 1 | F123: UNI | G123: ADUVIRE ARGUATA, MARIO ARTURO | H123: NAVARRO LOZANO, ANGEL JAROL | I123: AGUA | J123: =CONCATENATE(ENTREGA[[#This Row],[A QUIEN SE ENTRGA]],"",TEXT(ENTREGA[[#This Row],[FECHA]],"dd/mm/yyyy")) -> ADUVIRE ARGUATA, MARIO ARTURO24/09/2025 | K123: SIN RETORNO | L123: 0.3125
B124: 45924 | C124: =_xlfn.XLOOKUP(ENTREGA[[#This Row],[DESCRIPCION PRODUCTO]],PRODUCTOS!$C$8:$C$1853,PRODUCTOS!$B$8:$B$1853,"") -> UE-41 | D124: Cuaderno con espiral pequeño Markbook | E124: 1 | F124: UNI | G124: CACERES CALACHUA, YEYSON JORGE | H124: ERNESTO ACUACHI LANCHIPA | I124: UTILES ESCRITORIO | J124: =CONCATENATE(ENTREGA[[#This Row],[A QUIEN SE ENTRGA]],"",TEXT(ENTREGA[[#This Row],[FECHA]],"dd/mm/yyyy")) -> CACERES CALACHUA, YEYSON JORGE24/09/2025 | K124: SIN RETORNO | L124: 0.3125
B125: 45924 | C125: =_xlfn.XLOOKUP(ENTREGA[[#This Row],[DESCRIPCION PRODUCTO]],PRODUCTOS!$C$8:$C$1853,PRODUCTOS!$B$8:$B$1853,"") -> UE-24 | D125: Lapiceros faber castell azul trilux 035 | E125: 2 | F125: UNI | G125: CACERES CALACHUA, YEYSON JORGE | H125: ERNESTO ACUACHI LANCHIPA | I125: UTILES ESCRITORIO | J125: =CONCATENATE(ENTREGA[[#This Row],[A QUIEN SE ENTRGA]],"",TEXT(ENTREGA[[#This Row],[FECHA]],"dd/mm/yyyy")) -> CACERES CALACHUA, YEYSON JORGE24/09/2025 | K125: SIN RETORNO | L125: 0.3125
B126: 45924 | C126: =_xlfn.XLOOKUP(ENTREGA[[#This Row],[DESCRIPCION PRODUCTO]],PRODUCTOS!$C$8:$C$1853,PRODUCTOS!$B$8:$B$1853,"") -> UE-56 | D126: hojas bond milleniun 75g | E126: 2 | F126: PAQ | G126: SILVA BORDA, ARLETTE NINOSKA | H126: NAVARRO LOZANO, ANGEL JAROL | I126: UTILES ESCRITORIO | J126: =CONCATENATE(ENTREGA[[#This Row],[A QUIEN SE ENTRGA]],"",TEXT(ENTREGA[[#This Row],[FECHA]],"dd/mm/yyyy")) -> SILVA BORDA, ARLETTE NINOSKA24/09/2025 | K126: SIN RETORNO | L126: 0.3125
B127: 45924 | C127: =_xlfn.XLOOKUP(ENTREGA[[#This Row],[DESCRIPCION PRODUCTO]],PRODUCTOS!$C$8:$C$1853,PRODUCTOS!$B$8:$B$1853,"") -> UE-15 | D127: Folder A4 grafi papel crema | E127: 1 | F127: PAQ | G127: SILVA BORDA, ARLETTE NINOSKA | H127: NAVARRO LOZANO, ANGEL JAROL | I127: UTILES ESCRITORIO | J127: =CONCATENATE(ENTREGA[[#This Row],[A QUIEN SE ENTRGA]],"",TEXT(ENTREGA[[#This Row],[FECHA]],"dd/mm/yyyy")) -> SILVA BORDA, ARLETTE NINOSKA24/09/2025 | K127: SIN RETORNO | L127: 0.3125
B128: 45924 | C128: =_xlfn.XLOOKUP(ENTREGA[[#This Row],[DESCRIPCION PRODUCTO]],PRODUCTOS!$C$8:$C$1853,PRODUCTOS!$B$8:$B$1853,"") -> UE-31 | D128: Fastener metal Artesco E10 | E128: 1 | F128: CAJ | G128: SILVA BORDA, ARLETTE NINOSKA | H128: NAVARRO LOZANO, ANGEL JAROL | I128: UTILES ESCRITORIO | J128: =CONCATENATE(ENTREGA[[#This Row],[A QUIEN SE ENTRGA]],"",TEXT(ENTREGA[[#This Row],[FECHA]],"dd/mm/yyyy")) -> SILVA BORDA, ARLETTE NINOSKA24/09/2025 | K128: SIN RETORNO | L128: 0.3125
B129: 45924 | C129: =_xlfn.XLOOKUP(ENTREGA[[#This Row],[DESCRIPCION PRODUCTO]],PRODUCTOS!$C$8:$C$1853,PRODUCTOS!$B$8:$B$1853,"") -> UE-32 | D129: Lapicero Pilot borrable azul | E129: 1 | F129: UNI | G129: SILVA BORDA, ARLETTE NINOSKA | H129: NAVARRO LOZANO, ANGEL JAROL | I129: UTILES ESCRITORIO | J129: =CONCATENATE(ENTREGA[[#This Row],[A QUIEN SE ENTRGA]],"",TEXT(ENTREGA[[#This Row],[FECHA]],"dd/mm/yyyy")) -> SILVA BORDA, ARLETTE NINOSKA24/09/2025 | K129: SIN RETORNO | L129: 0.3125
B130: 45923 | C130: =_xlfn.XLOOKUP(ENTREGA[[#This Row],[DESCRIPCION PRODUCTO]],PRODUCTOS!$C$8:$C$1853,PRODUCTOS!$B$8:$B$1853,"") -> UE-31 | D130: Fastener metal Artesco E10 | E130: 1 | F130: UNI | G130: ALEJO CHARCA, DENNYS MIRIAM | H130: NAVARRO LOZANO, ANGEL JAROL | I130: UTILES ESCRITORIO | J130: =CONCATENATE(ENTREGA[[#This Row],[A QUIEN SE ENTRGA]],"",TEXT(ENTREGA[[#This Row],[FECHA]],"dd/mm/yyyy")) -> ALEJO CHARCA, DENNYS MIRIAM23/09/2025 | K130: SIN RETORNO
B131: 45924 | C131: =_xlfn.XLOOKUP(ENTREGA[[#This Row],[DESCRIPCION PRODUCTO]],PRODUCTOS!$C$8:$C$1853,PRODUCTOS!$B$8:$B$1853,"") -> UE-57 | D131: Archivador | E131: 1 | F131: UNI | G131: ALEJO CHARCA, DENNYS MIRIAM | H131: ERNESTO ACUACHI LANCHIPA | I131: UTILES ESCRITORIO | J131: =CONCATENATE(ENTREGA[[#This Row],[A QUIEN SE ENTRGA]],"",TEXT(ENTREGA[[#This Row],[FECHA]],"dd/mm/yyyy")) -> ALEJO CHARCA, DENNYS MIRIAM24/09/2025 | K131: SIN RETORNO | L131: 0.33333333
C132: =_xlfn.XLOOKUP(ENTREGA[[#This Row],[DESCRIPCION PRODUCTO]],PRODUCTOS!$C$8:$C$1853,PRODUCTOS!$B$8:$B$1853,"") -> -1 | J132: =CONCATENATE(ENTREGA[[#This Row],[A QUIEN SE ENTRGA]],"",TEXT(ENTREGA[[#This Row],[FECHA]],"dd/mm/yyyy")) -> 00/01/1900

Sheet FORMATO IMPRESION
B1: ENTREGA DE MATERIALES E IMPLEMENTOS
B2: CONSORCIO FORTALEZA - FSA CONSTRUCTORA E.I.R.L.
B4: NOMBRE: | C4: QUISPE LIMACHE, ROGELIO | D4: FECHA: | E4: 45922 | I4: =C4&"-"&TEXT(E4,"dd/mm/yyyy") -> QUISPE LIMACHE, ROGELIO -22/09/2025
B6: RESPONSABLE: | C6: NAVARRO LOZANO, ANGEL JAROL
A9: N° | B9: COD PRODUCTO | C9: DESCRIPCION PRODUCTO | D9: CANTIDAD | E9: UNI
A10: 1 | B10: {=_xlfn._xlws.FILTER(_xlfn.CHOOSECOLS(Tabla2[],2,3,8,6),Tabla2[formula]=I4)} -> IS-1 | C10: Pantalon jeans varon M/Jusbrend T/34 | D10: -1 | E10: UNI
A11: 2 | B11: IS-36 | C11: Poleras manga larga ploma | D11: -2 | E11: UNI
A12: 3 | B12: IS-33 | C12: Chaleco drill T/XXL | D12: -1 | E12: UNI
A13: 4 | B13: IS-17 | C13: Zapato de seguridad Hunter T/42 | D13: -1 | E13: PAR
A14: 5 | B14: IS-28 | C14: Lentes de seguridad luna oscura Clute/Astros | D14: -1 | E14: UNI
A15: 6 | B15: IS-30 | C15: Guantes de seguridad Winsafety T/8 | D15: -1 | E15: UNI
A16: 7 | B16: IS-20 | C16: Casco de seguridad azul Asthers | D16: -1 | E16: UNI
A17: 8 | B17: IS-14 | C17: Cortaviento diferentes colores | D17: -1 | E17: UNI
A18: 9
A19: 10
B25: FIRMA RESPONSABLE | D25: FIRMA QUIEN RECIBE
B28: ENTREGA DE MATERIALES E IMPLEMENTOS
B29: CONSORCIO FORTALEZA - FSA CONSTRUCTORA E.I.R.L.
B31: NOMBRE: | C31: =C4 -> QUISPE LIMACHE, ROGELIO | D31: FECHA: | E31: =E4 -> 45922
B33: RESPONSABLE: | C33: =C6 -> NAVARRO LOZANO, ANGEL JAROL
A36: N° | B36: COD PRODUCTO | C36: DESCRIPCION PRODUCTO | D36: CANTIDAD | E36: UNI
A37: 1 | B37: {=_xlfn._xlws.FILTER(_xlfn.CHOOSECOLS(Tabla2[],2,3,8,6),Tabla2[formula]=I4)} -> IS-1 | C37: Pantalon jeans varon M/Jusbrend T/34 | D37: -1 | E37: UNI
A38: 2 | B38: IS-36 | C38: Poleras manga larga ploma | D38: -2 | E38: UNI
A39: 3 | B39: IS-33 | C39: Chaleco drill T/XXL | D39: -1 | E39: UNI
A40: 4 | B40: IS-17 | C40: Zapato de seguridad Hunter T/42 | D40: -1 | E40: PAR
A41: 5 | B41: IS-28 | C41: Lentes de seguridad luna oscura Clute/Astros | D41: -1 | E41: UNI
A42: 6 | B42: IS-30 | C42: Guantes de seguridad Winsafety T/8 | D42: -1 | E42: UNI
A43: 7 | B43: IS-20 | C43: Casco de seguridad azul Asthers | D43: -1 | E43: UNI
A44: 8 | B44: IS-14 | C44: Cortaviento diferentes colores | D44: -1 | E44: UNI
A45: 9
A46: 10
B52: FIRMA RESPONSABLE | D52: FIRMA QUIEN RECIBE

Sheet Hoja2
B2: nombre | C2: LOZANO MALDONADO, HERNAN | G2: fecha | H2: 45929
K3: =CONCATENATE(C2,"",TEXT(H2,"dd/mm/yyyy")) -> LOZANO MALDONADO, HERNAN29/09/2025
B6: CODIGO | C6: PRODUCTO | D6: CANTIDAD | E6: UNIDAD
B7: {=_xlfn._xlws.FILTER(_xlfn.CHOOSECOLS(Tabla2[],2,3,7,6),Tabla2[formula]=Hoja2!K3)} -> #VALUE!

Sheet Hoja3
A1: CATEGORIA | D1: UNIDAD | E1: SIMBOLO | G1: PROVIENE | I1: CONDICION | K1: CON RETORNO
A2: UTILES DE ESCRITORIO | B2: UE | D2: PAR | E2: PAR | G2: COMPRA | I2: USADO | K2: SIN RETORNO
A3: FERRETERIA | B3: FER | D3: KILOS | E3: KG | G3: ALMACEN CENTRAL | I3: NUEVO
A4: CARPINTERIA | B4: CAR | D4: PAQUETE | E4: PQTE
A5: HERRAMIENTAS | B5: HM | D5: UNIDAD | E5: UNI
A6: IMPLEMENTOS DE SEGURIDAD | B6: IS | D6: METROS | E6: MT
A7: SEÑALIZACION | B7: SEÑ | D7: M3 | E7: M3
A8: MAQUINARIA | B8: MQ | D8: LITROS | E8: LTS
A9: AGREGADOS | B9: AGR | D9: GALONES | E9: GLN
A10: CEMENTO | B10: CEM | D10: SACOS | E10: SAC
A11: LADRILLOS | B11: LAD | D11: ROLLO | E11: ROL
A12: COMBUSTIBLE | B12: COM | D12: CAJA | E12: CAJ
A13: ALAMBRES Y FIERROS | B13: AF | D13: BOLSA | E13: BLS
A14: INSTALACIONES ELECTRICAS | B14: IE | D14: BOTELLA | E14: BT
A15: CLAVOS | B15: CLA
A16: INSTALACIONES SANITARIAS | B16: ISA
A17: UTILES DE CAMA | B17: UTC
A18: OTROS | B18: OTR
A19: UTILES LIMPIEZA | B19: ULI
A20: AGUA | B20: AGU
A21: SOLDADURA | B21: SOL
A22: IMPLEMENTOS DE CALIDAD | B22: ICA

Sheet Hoja5
E1: ADUVIRE ARGUATA, MARIO ARTURO-19/09/2025
