Workbook

Sheet INGRESO DE HERRAMIENTAS ALMACEN
A3: N° | B3: NOMBRE DEL PRODUCTO

Sheet REQUERIMIENTOS DE AGREGADOS
A1: #VALUE! | C1: CUADRO DE ADQUISICIÓN DE AGREGADO Y AGUA
C3: CONSORCIO FORTALEZA E.I.R.L - RUC 20612747271
A5: N° | B5: NOMBRE DEL PRODUCTO | C5: FECHA REQUERI. | D5: HORA REQUERIMIENTO | E5: FECHA DE LLEGADA MATERIAL | F5: HORA LLEGADA | G5: METROS CUBICOS | H5: DONDE PROVIENE MATERIAL | I5: QUIEN TRASLADO | J5: NRO PLACA | K5: COSTO M3 | L5: TOTAL A PAGAR | M5: CANTIDAD VIAJES
A6: 1 | B6: HORMIGON | C6: 45908 | D6: 0.58333333 | E6: 45909 | F6: 0.41666667 | G6: 15 | H6: CANTERA MUNICIPAL MIRAVE | I6: CASA | J6: BWZ-715 | K6: 30 | L6: =K6*G6 -> 450 | M6: =IF(Tabla1[[#This Row],[NOMBRE DEL PRODUCTO]]="CISTERNA AGUA","",Tabla1[[#This Row],[METROS CUBICOS]]/15) -> 1
A7: 2 | B7: HORMIGON | C7: 45909 | D7: 0.54166667 | E7: 45909 | F7: 0.66666667 | G7: 15 | H7: CANTERA MUNICIPAL MIRAVE | I7: CASA | J7: BWZ-715 | K7: 30 | L7: =K7*G7 -> 450 | M7: =IF(Tabla1[[#This Row],[NOMBRE DEL PRODUCTO]]="CISTERNA AGUA","",Tabla1[[#This Row],[METROS CUBICOS]]/15) -> 1
A8: 3 | B8: ARENA GRUESA | C8: 45911 | D8: 0.41666667 | E8: 45911 | F8: 0.5 | G8: 15 | H8: CANTERA MUNICIPAL MIRAVE | I8: CASA | J8: BWZ-715 | K8: 30 | L8: =K8*G8 -> 450 | M8: =IF(Tabla1[[#This Row],[NOMBRE DEL PRODUCTO]]="CISTERNA AGUA","",Tabla1[[#This Row],[METROS CUBICOS]]/15) -> 1
A9: 4 | B9: ARENA GRUESA | C9: 45911 | D9: 0.41666667 | E9: 45911 | F9: 0.58333333 | G9: 15 | H9: CANTERA MUNICIPAL MIRAVE | I9: CASA | J9: BWZ-715 | K9: 30 | L9: =K9*G9 -> 450 | M9: =IF(Tabla1[[#This Row],[NOMBRE DEL PRODUCTO]]="CISTERNA AGUA","",Tabla1[[#This Row],[METROS CUBICOS]]/15) -> 1
A10: 5 | B10: CISTERNA AGUA | C10: 45911 | D10: 0.41666667 | E10: 45911 | F10: 0.45833333 | G10: 1 | H10: RIO | I10: OTROS | J10: BWX-555 | K10: 0 | L10: =K10*G10 -> 0 | M10: =IF(Tabla1[[#This Row],[NOMBRE DEL PRODUCTO]]="CISTERNA AGUA","",Tabla1[[#This Row],[METROS CUBICOS]]/15)
A11: 6 | B11: HORMIGON | C11: 45937 | D11: 0.33333333 | E11: 45937 | F11: 0.41666667 | G11: 15 | H11: CANTERA MUNICIPAL MIRAVE | I11: CASA | J11: BWZ-715 | K11: 30 | L11: =K11*G11 -> 450 | M11: =IF(Tabla1[[#This Row],[NOMBRE DEL PRODUCTO]]="CISTERNA AGUA","",Tabla1[[#This Row],[METROS CUBICOS]]/15) -> 1
A12: 7 | B12: HORMIGON | C12: 45937 | D12: 0.33333333 | E12: 45937 | F12: 0.5 | G12: 15 | H12: CANTERA MUNICIPAL MIRAVE | I12: CASA | J12: BWZ-715 | K12: 30 | L12: =K12*G12 -> 450 | M12: =IF(Tabla1[[#This Row],[NOMBRE DEL PRODUCTO]]="CISTERNA AGUA","",Tabla1[[#This Row],[METROS CUBICOS]]/15) -> 1
A13: 8 | B13: HORMIGON | C13: 45943 | D13: 0.625 | E13: 45944 | F13: 0.33333333 | G13: 15 | H13: CANTERA MUNICIPAL MIRAVE | I13: CASA | J13: BWZ-715 | K13: 30 | L13: =K13*G13 -> 450 | M13: =IF(Tabla1[[#This Row],[NOMBRE DEL PRODUCTO]]="CISTERNA AGUA","",Tabla1[[#This Row],[METROS CUBICOS]]/15) -> 1
A14: 9 | B14: HORMIGON | C14: 45944 | D14: 0.625 | E14: 45945 | F14: 0.33333333 | G14: 15 | H14: CANTERA MUNICIPAL MIRAVE | I14: CASA | J14: BWZ-715 | K14: 30 | L14: =K14*G14 -> 450 | M14: =IF(Tabla1[[#This Row],[NOMBRE DEL PRODUCTO]]="CISTERNA AGUA","",Tabla1[[#This Row],[METROS CUBICOS]]/15) -> 1
A15: 10 | B15: ARENA GRUESA | C15: 45947 | D15: 0.625 | E15: 45951 | F15: 0.33333333 | G15: 30 | H15: CANTERA MUNICIPAL MIRAVE | I15: CASA | J15: BWZ-715 | K15: 30 | L15: =K15*G15 -> 900 | M15: =IF(Tabla1[[#This Row],[NOMBRE DEL PRODUCTO]]="CISTERNA AGUA","",Tabla1[[#This Row],[METROS CUBICOS]]/15) -> 2
A16: 11 | B16: PIEDRA 1/2" | C16: 45947 | D16: 0.625 | E16: 45951 | F16: 0.41666667 | G16: 30 | H16: CANTERA MUNICIPAL MIRAVE | I16: CASA | J16: BWZ-715 | K16: 30 | L16: =K16*G16 -> 900 | M16: =IF(Tabla1[[#This Row],[NOMBRE DEL PRODUCTO]]="CISTERNA AGUA","",Tabla1[[#This Row],[METROS CUBICOS]]/15) -> 2
A17: 12 | B17: PIEDRA 1/2" | C17: 45947 | D17: 0.625 | E17: 45951 | F17: 0.58333333 | G17: 30 | H17: CANTERA MUNICIPAL MIRAVE | I17: CASA | J17: BWZ-715 | K17: 30 | L17: =K17*G17 -> 900 | M17: =IF(Tabla1[[#This Row],[NOMBRE DEL PRODUCTO]]="CISTERNA AGUA","",Tabla1[[#This Row],[METROS CUBICOS]]/15) -> 2
... A21: 16 | B21: PIEDRA 1/2" | C21: 45953 | D21: 0.58333333 | E21: 45953 | F21: 0.6875 | G21: 60 | H21: CANTERA MUNICIPAL MIRAVE | I21: CASA | J21: BWZ-715 | K21: 30 | L21: =K21*G21 -> 1800 | M21: =IF(Tabla1[[#This Row],[NOMBRE DEL PRODUCTO]]="CISTERNA AGUA","",Tabla1[[#This Row],[METROS CUBICOS]]/15) -> 4
A22: 17 | K22: 30 | L22: =K22*G22 -> 0 | M22: =IF(Tabla1[[#This Row],[NOMBRE DEL PRODUCTO]]="CISTERNA AGUA","",Tabla1[[#This Row],[METROS CUBICOS]]/15) -> 0
A23: 18 | K23: 30 | L23: =K23*G23 -> 0 | M23: =IF(Tabla1[[#This Row],[NOMBRE DEL PRODUCTO]]="CISTERNA AGUA","",Tabla1[[#This Row],[METROS CUBICOS]]/15) -> 0
A24: 19 | K24: 30 | L24: =K24*G24 -> 0 | M24: =IF(Tabla1[[#This Row],[NOMBRE DEL PRODUCTO]]="CISTERNA AGUA","",Tabla1[[#This Row],[METROS CUBICOS]]/15) -> 0
A25: 20 | K25: 30 | L25: =K25*G25 -> 0 | M25: =IF(Tabla1[[#This Row],[NOMBRE DEL PRODUCTO]]="CISTERNA AGUA","",Tabla1[[#This Row],[METROS CUBICOS]]/15) -> 0
A26: 21 | K26: 30 | L26: =K26*G26 -> 0 | M26: =IF(Tabla1[[#This Row],[NOMBRE DEL PRODUCTO]]="CISTERNA AGUA","",Tabla1[[#This Row],[METROS CUBICOS]]/15) -> 0
A27: 22 | K27: 30 | L27: =K27*G27 -> 0 | M27: =IF(Tabla1[[#This Row],[NOMBRE DEL PRODUCTO]]="CISTERNA AGUA","",Tabla1[[#This Row],[METROS CUBICOS]]/15) -> 0
A28: 23 | K28: 30 | L28: =K28*G28 -> 0 | M28: =IF(Tabla1[[#This Row],[NOMBRE DEL PRODUCTO]]="CISTERNA AGUA","",Tabla1[[#This Row],[METROS CUBICOS]]/15) -> 0
A29: 24 | K29: 30 | L29: =K29*G29 -> 0 | M29: =IF(Tabla1[[#This Row],[NOMBRE DEL PRODUCTO]]="CISTERNA AGUA","",Tabla1[[#This Row],[METROS CUBICOS]]/15) -> 0
A30: 25 | K30: 30 | L30: =K30*G30 -> 0 | M30: =IF(Tabla1[[#This Row],[NOMBRE DEL PRODUCTO]]="CISTERNA AGUA","",Tabla1[[#This Row],[METROS CUBICOS]]/15) -> 0
A31: 26 | K31: 30 | L31: =K31*G31 -> 0 | M31: =IF(Tabla1[[#This Row],[NOMBRE DEL PRODUCTO]]="CISTERNA AGUA","",Tabla1[[#This Row],[METROS CUBICOS]]/15) -> 0
A32: 27 | K32: 30 | L32: =K32*G32 -> 0 | M32: =IF(Tabla1[[#This Row],[NOMBRE DEL PRODUCTO]]="CISTERNA AGUA","",Tabla1[[#This Row],[METROS CUBICOS]]/15) -> 0
A33: 28 | K33: 30 | L33: =K33*G33 -> 0 | M33: =IF(Tabla1[[#This Row],[NOMBRE DEL PRODUCTO]]="CISTERNA AGUA","",Tabla1[[#This Row],[METROS CUBICOS]]/15) -> 0
... A105: 100 | K105: 30 | L105: =K105*G105 -> 0 | M105: =IF(Tabla1[[#This Row],[NOMBRE DEL PRODUCTO]]="CISTERNA AGUA","",Tabla1[[#This Row],[METROS CUBICOS]]/15) -> 0

Sheet FILTRO
A3: {=TRANSPOSE(_xlfn._xlws.FILTER('TABLAS AGREGADOS'!$H$1:$H$61,'TABLAS AGREGADOS'!$G$1:$G$61='REQUERIMIENTOS DE AGREGADOS'!I6))} -> BWZ-715
A4: {=TRANSPOSE(_xlfn._xlws.FILTER('TABLAS AGREGADOS'!$H$1:$H$61,'TABLAS AGREGADOS'!$G$1:$G$61='REQUERIMIENTOS DE AGREGADOS'!I7))} -> BWZ-715
A5: {=TRANSPOSE(_xlfn._xlws.FILTER('TABLAS AGREGADOS'!$H$1:$H$61,'TABLAS AGREGADOS'!$G$1:$G$61='REQUERIMIENTOS DE AGREGADOS'!I8))} -> BWZ-715
A6: {=TRANSPOSE(_xlfn._xlws.FILTER('TABLAS AGREGADOS'!$H$1:$H$61,'TABLAS AGREGADOS'!$G$1:$G$61='REQUERIMIENTOS DE AGREGADOS'!I9))} -> BWZ-715
A7: {=TRANSPOSE(_xlfn._xlws.FILTER('TABLAS AGREGADOS'!$H$1:$H$61,'TABLAS AGREGADOS'!$G$1:$G$61='REQUERIMIENTOS DE AGREGADOS'!I10))} -> BWX-555 | B7: SSX-555 | C7: PPP-877 | D7: KKK-888
A8: {=TRANSPOSE(_xlfn._xlws.FILTER('TABLAS AGREGADOS'!$H$1:$H$61,'TABLAS AGREGADOS'!$G$1:$G$61='REQUERIMIENTOS DE AGREGADOS'!I11))} -> BWZ-715
A9: {=TRANSPOSE(_xlfn._xlws.FILTER('TABLAS AGREGADOS'!$H$1:$H$61,'TABLAS AGREGADOS'!$G$1:$G$61='REQUERIMIENTOS DE AGREGADOS'!I12))} -> BWZ-715
A10: {=TRANSPOSE(_xlfn._xlws.FILTER('TABLAS AGREGADOS'!$H$1:$H$61,'TABLAS AGREGADOS'!$G$1:$G$61='REQUERIMIENTOS DE AGREGADOS'!I13))} -> BWZ-715
A11: {=TRANSPOSE(_xlfn._xlws.FILTER('TABLAS AGREGADOS'!$H$1:$H$61,'TABLAS AGREGADOS'!$G$1:$G$61='REQUERIMIENTOS DE AGREGADOS'!I14))} -> BWZ-715
A12: {=TRANSPOSE(_xlfn._xlws.FILTER('TABLAS AGREGADOS'!$H$1:$H$61,'TABLAS AGREGADOS'!$G$1:$G$61='REQUERIMIENTOS DE AGREGADOS'!I15))} -> BWZ-715
A13: {=TRANSPOSE(_xlfn._xlws.FILTER('TABLAS AGREGADOS'!$H$1:$H$61,'TABLAS AGREGADOS'!$G$1:$G$61='REQUERIMIENTOS DE AGREGADOS'!I16))} -> BWZ-715
A14: {=TRANSPOSE(_xlfn._xlws.FILTER('TABLAS AGREGADOS'!$H$1:$H$61,'TABLAS AGREGADOS'!$G$1:$G$61='REQUERIMIENTOS DE AGREGADOS'!I17))} -> BWZ-715
A15: {=TRANSPOSE(_xlfn._xlws.FILTER('TABLAS AGREGADOS'!$H$1:$H$61,'TABLAS AGREGADOS'!$G$1:$G$61='REQUERIMIENTOS DE AGREGADOS'!I18))} -> BWZ-715
A16: {=TRANSPOSE(_xlfn._xlws.FILTER('TABLAS AGREGADOS'!$H$1:$H$61,'TABLAS AGREGADOS'!$G$1:$G$61='REQUERIMIENTOS DE AGREGADOS'!I19))} -> BWZ-715
A17: {=TRANSPOSE(_xlfn._xlws.FILTER('TABLAS AGREGADOS'!$H$1:$H$61,'TABLAS AGREGADOS'!$G$1:$G$61='REQUERIMIENTOS DE AGREGADOS'!I20))} -> BWZ-715
A18: {=TRANSPOSE(_xlfn._xlws.FILTER('TABLAS AGREGADOS'!$H$1:$H$61,'TABLAS AGREGADOS'!$G$1:$G$61='REQUERIMIENTOS DE AGREGADOS'!I21))} -> BWZ-715
A19: {=TRANSPOSE(_xlfn._xlws.FILTER('TABLAS AGREGADOS'!$H$1:$H$61,'TABLAS AGREGADOS'!$G$1:$G$61='REQUERIMIENTOS DE AGREGADOS'!I22))} -> 0 | B19: 0 | C19: 0 | D19: 0 | E19: 0 | F19: 0 | G19: 0 | H19: 0 | I19: 0 | J19: 0 | K19: 0 | L19: 0 | M19: 0 | N19: 0 | O19: 0 | P19: 0 | Q19: 0 | R19: 0 | S19: 0 | T19: 0 | U19: 0 | V19: 0 | W19: 0 | X19: 0 | Y19: 0 | Z19: 0 | AA19: 0 | AB19: 0 | AC19: 0 | AD19: 0 | AE19: 0 | AF19: 0 | AG19: 0 | AH19: 0 | AI19: 0 | AJ19: 0 | AK19: 0 | AL19: 0 | AM19: 0 | AN19: 0 | AO19: 0 | AP19: 0 | AQ19: 0 | AR19: 0 | AS19: 0 | AT19: 0 | AU19: 0 | AV19: 0 | AW19: 0 | AX19: 0 | AY19: 0 | AZ19: 0 | BA19: 0 | BB19: 0 | BC19: 0 | BD19: 0
A20: {=TRANSPOSE(_xlfn._xlws.FILTER('TABLAS AGREGADOS'!$H$1:$H$61,'TABLAS AGREGADOS'!$G$1:$G$61='REQUERIMIENTOS DE AGREGADOS'!I23))} -> 0 | B20: 0 | C20: 0 | D20: 0 | E20: 0 | F20: 0 | G20: 0 | H20: 0 | I20: 0 | J20: 0 | K20: 0 | L20: 0 | M20: 0 | N20: 0 | O20: 0 | P20: 0 | Q20: 0 | R20: 0 | S20: 0 | T20: 0 | U20: 0 | V20: 0 | W20: 0 | X20: 0 | Y20: 0 | Z20: 0 | AA20: 0 | AB20: 0 | AC20: 0 | AD20: 0 | AE20: 0 | AF20: 0 | AG20: 0 | AH20: 0 | AI20: 0 | AJ20: 0 | AK20: 0 | AL20: 0 | AM20: 0 | AN20: 0 | AO20: 0 | AP20: 0 | AQ20: 0 | AR20: 0 | AS20: 0 | AT20: 0 | AU20: 0 | AV20: 0 | AW20: 0 | AX20: 0 | AY20: 0 | AZ20: 0 | BA20: 0 | BB20: 0 | BC20: 0 | BD20: 0
A21: {=TRANSPOSE(_xlfn._xlws.FILTER('TABLAS AGREGADOS'!$H$1:$H$61,'TABLAS AGREGADOS'!$G$1:$G$61='REQUERIMIENTOS DE AGREGADOS'!I24))} -> 0 | B21: 0 | C21: 0 | D21: 0 | E21: 0 | F21: 0 | G21: 0 | H21: 0 | I21: 0 | J21: 0 | K21: 0 | L21: 0 | M21: 0 | N21: 0 | O21: 0 | P21: 0 | Q21: 0 | R21: 0 | S21: 0 | T21: 0 | U21: 0 | V21: 0 | W21: 0 | X21: 0 | Y21: 0 | Z21: 0 | AA21: 0 | AB21: 0 | AC21: 0 | AD21: 0 | AE21: 0 | AF21: 0 | AG21: 0 | AH21: 0 | AI21: 0 | AJ21: 0 | AK21: 0 | AL21: 0 | AM21: 0 | AN21: 0 | AO21: 0 | AP21: 0 | AQ21: 0 | AR21: 0 | AS21: 0 | AT21: 0 | AU21: 0 | AV21: 0 | AW21: 0 | AX21: 0 | AY21: 0 | AZ21: 0 | BA21: 0 | BB21: 0 | BC21: 0 | BD21: 0
A22: {=TRANSPOSE(_xlfn._xlws.FILTER('TABLAS AGREGADOS'!$H$1:$H$61,'TABLAS AGREGADOS'!$G$1:$G$61='REQUERIMIENTOS DE AGREGADOS'!I25))} -> 0 | B22: 0 | C22: 0 | D22: 0 | E22: 0 | F22: 0 | G22: 0 | H22: 0 | I22: 0 | J22: 0 | K22: 0 | L22: 0 | M22: 0 | N22: 0 | O22: 0 | P22: 0 | Q22: 0 | R22: 0 | S22: 0 | T22: 0 | U22: 0 | V22: 0 | W22: 0 | X22: 0 | Y22: 0 | Z22: 0 | AA22: 0 | AB22: 0 | AC22: 0 | AD22: 0 | AE22: 0 | AF22: 0 | AG22: 0 | AH22: 0 | AI22: 0 | AJ22: 0 | AK22: 0 | AL22: 0 | AM22: 0 | AN22: 0 | AO22: 0 | AP22: 0 | AQ22: 0 | AR22: 0 | AS22: 0 | AT22: 0 | AU22: 0 | AV22: 0 | AW22: 0 | AX22: 0 | AY22: 0 | AZ22: 0 | BA22: 0 | BB22: 0 | BC22: 0 | BD22: 0
A23: {=TRANSPOSE(_xlfn._xlws.FILTER('TABLAS AGREGADOS'!$H$1:$H$61,'TABLAS AGREGADOS'!$G$1:$G$61='REQUERIMIENTOS DE AGREGADOS'!I26))} -> 0 | B23: 0 | C23: 0 | D23: 0 | E23: 0 | F23: 0 | G23: 0 | H23: 0 | I23: 0 | J23: 0 | K23: 0 | L23: 0 | M23: 0 | N23: 0 | O23: 0 | P23: 0 | Q23: 0 | R23: 0 | S23: 0 | T23: 0 | U23: 0 | V23: 0 | W23: 0 | X23: 0 | Y23: 0 | Z23: 0 | AA23: 0 | AB23: 0 | AC23: 0 | AD23: 0 | AE23: 0 | AF23: 0 | AG23: 0 | AH23: 0 | AI23: 0 | AJ23: 0 | AK23: 0 | AL23: 0 | AM23: 0 | AN23: 0 | AO23: 0 | AP23: 0 | AQ23: 0 | AR23: 0 | AS23: 0 | AT23: 0 | AU23: 0 | AV23: 0 | AW23: 0 | AX23: 0 | AY23: 0 | AZ23: 0 | BA23: 0 | BB23: 0 | BC23: 0 | BD23: 0
A24: {=TRANSPOSE(_xlfn._xlws.FILTER('TABLAS AGREGADOS'!$H$1:$H$61,'TABLAS AGREGADOS'!$G$1:$G$61='REQUERIMIENTOS DE AGREGADOS'!I27))} -> 0 | B24: 0 | C24: 0 | D24: 0 | E24: 0 | F24: 0 | G24: 0 | H24: 0 | I24: 0 | J24: 0 | K24: 0 | L24: 0 | M24: 0 | N24: 0 | O24: 0 | P24: 0 | Q24: 0 | R24: 0 | S24: 0 | T24: 0 | U24: 0 | V24: 0 | W24: 0 | X24: 0 | Y24: 0 | Z24: 0 | AA24: 0 | AB24: 0 | AC24: 0 | AD24: 0 | AE24: 0 | AF24: 0 | AG24: 0 | AH24: 0 | AI24: 0 | AJ24: 0 | AK24: 0 | AL24: 0 | AM24: 0 | AN24: 0 | AO24: 0 | AP24: 0 | AQ24: 0 | AR24: 0 | AS24: 0 | AT24: 0 | AU24: 0 | AV24: 0 | AW24: 0 | AX24: 0 | AY24: 0 | AZ24: 0 | BA24: 0 | BB24: 0 | BC24: 0 | BD24: 0
A25: {=TRANSPOSE(_xlfn._xlws.FILTER('TABLAS AGREGADOS'!$H$1:$H$61,'TABLAS AGREGADOS'!$G$1:$G$61='REQUERIMIENTOS DE AGREGADOS'!I28))} -> 0 | B25: 0 | C25: 0 | D25: 0 | E25: 0 | F25: 0 | G25: 0 | H25: 0 | I25: 0 | J25: 0 | K25: 0 | L25: 0 | M25: 0 | N25: 0 | O25: 0 | P25: 0 | Q25: 0 | R25: 0 | S25: 0 | T25: 0 | U25: 0 | V25: 0 | W25: 0 | X25: 0 | Y25: 0 | Z25: 0 | AA25: 0 | AB25: 0 | AC25: 0 | AD25: 0 | AE25: 0 | AF25: 0 | AG25: 0 | AH25: 0 | AI25: 0 | AJ25: 0 | AK25: 0 | AL25: 0 | AM25: 0 | AN25: 0 | AO25: 0 | AP25: 0 | AQ25: 0 | AR25: 0 | AS25: 0 | AT25: 0 | AU25: 0 | AV25: 0 | AW25: 0 | AX25: 0 | AY25: 0 | AZ25: 0 | BA25: 0 | BB25: 0 | BC25: 0 | BD25: 0
A26: {=TRANSPOSE(_xlfn._xlws.FILTER('TABLAS AGREGADOS'!$H$1:$H$61,'TABLAS AGREGADOS'!$G$1:$G$61='REQUERIMIENTOS DE AGREGADOS'!I29))} -> 0 | B26: 0 | C26: 0 | D26: 0 | E26: 0 | F26: 0 | G26: 0 | H26: 0 | I26: 0 | J26: 0 | K26: 0 | L26: 0 | M26: 0 | N26: 0 | O26: 0 | P26: 0 | Q26: 0 | R26: 0 | S26: 0 | T26: 0 | U26: 0 | V26: 0 | W26: 0 | X26: 0 | Y26: 0 | Z26: 0 | AA26: 0 | AB26: 0 | AC26: 0 | AD26: 0 | AE26: 0 | AF26: 0 | AG26: 0 | AH26: 0 | AI26: 0 | AJ26: 0 | AK26: 0 | AL26: 0 | AM26: 0 | AN26: 0 | AO26: 0 | AP26: 0 | AQ26: 0 | AR26: 0 | AS26: 0 | AT26: 0 | AU26: 0 | AV26: 0 | AW26: 0 | AX26: 0 | AY26: 0 | AZ26: 0 | BA26: 0 | BB26: 0 | BC26: 0 | BD26: 0
A27: {=TRANSPOSE(_xlfn._xlws.FILTER('TABLAS AGREGADOS'!$H$1:$H$61,'TABLAS AGREGADOS'!$G$1:$G$61='REQUERIMIENTOS DE AGREGADOS'!I30))} -> 0 | B27: 0 | C27: 0 | D27: 0 | E27: 0 | F27: 0 | G27: 0 | H27: 0 | I27: 0 | J27: 0 | K27: 0 | L27: 0 | M27: 0 | N27: 0 | O27: 0 | P27: 0 | Q27: 0 | R27: 0 | S27: 0 | T27: 0 | U27: 0 | V27: 0 | W27: 0 | X27: 0 | Y27: 0 | Z27: 0 | AA27: 0 | AB27: 0 | AC27: 0 | AD27: 0 | AE27: 0 | AF27: 0 | AG27: 0 | AH27: 0 | AI27: 0 | AJ27: 0 | AK27: 0 | AL27: 0 | AM27: 0 | AN27: 0 | AO27: 0 | AP27: 0 | AQ27: 0 | AR27: 0 | AS27: 0 | AT27: 0 | AU27: 0 | AV27: 0 | AW27: 0 | AX27: 0 | AY27: 0 | AZ27: 0 | BA27: 0 | BB27: 0 | BC27: 0 | BD27: 0
A28: {=TRANSPOSE(_xlfn._xlws.FILTER('TABLAS AGREGADOS'!$H$1:$H$61,'TABLAS AGREGADOS'!$G$1:$G$61='REQUERIMIENTOS DE AGREGADOS'!I31))} -> 0 | B28: 0 | C28: 0 | D28: 0 | E28: 0 | F28: 0 | G28: 0 | H28: 0 | I28: 0 | J28: 0 | K28: 0 | L28: 0 | M28: 0 | N28: 0 | O28: 0 | P28: 0 | Q28: 0 | R28: 0 | S28: 0 | T28: 0 | U28: 0 | V28: 0 | W28: 0 | X28: 0 | Y28: 0 | Z28: 0 | AA28: 0 | AB28: 0 | AC28: 0 | AD28: 0 | AE28: 0 | AF28: 0 | AG28: 0 | AH28: 0 | AI28: 0 | AJ28: 0 | AK28: 0 | AL28: 0 | AM28: 0 | AN28: 0 | AO28: 0 | AP28: 0 | AQ28: 0 | AR28: 0 | AS28: 0 | AT28: 0 | AU28: 0 | AV28: 0 | AW28: 0 | AX28: 0 | AY28: 0 | AZ28: 0 | BA28: 0 | BB28: 0 | BC28: 0 | BD28: 0
A29: {=TRANSPOSE(_xlfn._xlws.FILTER('TABLAS AGREGADOS'!$H$1:$H$61,'TABLAS AGREGADOS'!$G$1:$G$61='REQUERIMIENTOS DE AGREGADOS'!I32))} -> 0 | B29: 0 | C29: 0 | D29: 0 | E29: 0 | F29: 0 | G29: 0 | H29: 0 | I29: 0 | J29: 0 | K29: 0 | L29: 0 | M29: 0 | N29: 0 | O29: 0 | P29: 0 | Q29: 0 | R29: 0 | S29: 0 | T29: 0 | U29: 0 | V29: 0 | W29: 0 | X29: 0 | Y29: 0 | Z29: 0 | AA29: 0 | AB29: 0 | AC29: 0 | AD29: 0 | AE29: 0 | AF29: 0 | AG29: 0 | AH29: 0 | AI29: 0 | AJ29: 0 | AK29: 0 | AL29: 0 | AM29: 0 | AN29: 0 | AO29: 0 | AP29: 0 | AQ29: 0 | AR29: 0 | AS29: 0 | AT29: 0 | AU29: 0 | AV29: 0 | AW29: 0 | AX29: 0 | AY29: 0 | AZ29: 0 | BA29: 0 | BB29: 0 | BC29: 0 | BD29: 0
A30: {=TRANSPOSE(_xlfn._xlws.FILTER('TABLAS AGREGADOS'!$H$1:$H$61,'TABLAS AGREGADOS'!$G$1:$G$61='REQUERIMIENTOS DE AGREGADOS'!I33))} -> 0 | B30: 0 | C30: 0 | D30: 0 | E30: 0 | F30: 0 | G30: 0 | H30: 0 | I30: 0 | J30: 0 | K30: 0 | L30: 0 | M30: 0 | N30: 0 | O30: 0 | P30: 0 | Q30: 0 | R30: 0 | S30: 0 | T30: 0 | U30: 0 | V30: 0 | W30: 0 | X30: 0 | Y30: 0 | Z30: 0 | AA30: 0 | AB30: 0 | AC30: 0 | AD30: 0 | AE30: 0 | AF30: 0 | AG30: 0 | AH30: 0 | AI30: 0 | AJ30: 0 | AK30: 0 | AL30: 0 | AM30: 0 | AN30: 0 | AO30: 0 | AP30: 0 | AQ30: 0 | AR30: 0 | AS30: 0 | AT30: 0 | AU30: 0 | AV30: 0 | AW30: 0 | AX30: 0 | AY30: 0 | AZ30: 0 | BA30: 0 | BB30: 0 | BC30: 0 | BD30: 0
... A1826: {=TRANSPOSE(_xlfn._xlws.FILTER('TABLAS AGREGADOS'!$H$1:$H$61,'TABLAS AGREGADOS'!$G$1:$G$61='REQUERIMIENTOS DE AGREGADOS'!I1829))} -> 0 | B1826: 0 | C1826: 0 | D1826: 0 | E1826: 0 | F1826: 0 | G1826: 0 | H1826: 0 | I1826: 0 | J1826: 0 | K1826: 0 | L1826: 0 | M1826: 0 | N1826: 0 | O1826: 0 | P1826: 0 | Q1826: 0 | R1826: 0 | S1826: 0 | T1826: 0 | U1826: 0 | V1826: 0 | W1826: 0 | X1826: 0 | Y1826: 0 | Z1826: 0 | AA1826: 0 | AB1826: 0 | AC1826: 0 | AD1826: 0 | AE1826: 0 | AF1826: 0 | AG1826: 0 | AH1826: 0 | AI1826: 0 | AJ1826: 0 | AK1826: 0 | AL1826: 0 | AM1826: 0 | AN1826: 0 | AO1826: 0 | AP1826: 0 | AQ1826: 0 | AR1826: 0 | AS1826: 0 | AT1826: 0 | AU1826: 0 | AV1826: 0 | AW1826: 0 | AX1826: 0 | AY1826: 0 | AZ1826: 0 | BA1826: 0 | BB1826: 0 | BC1826: 0 | BD1826: 0

Sheet TABLAS AGREGADOS
A1: 1 | B1: HORMIGON | C1: CASA | D1: BWZ-715 | E1: CANTERA MUNICIPAL MIRAVE | G1: CASA | H1: BWZ-715
A2: 2 | B2: PIEDRA CHANCADA | C2: OTROS | E2: RIO | G2: OTROS | H2: BWX-555
A3: 3 | B3: ARENA FINA | G3: OTROS | H3: SSX-555
A4: 4 | B4: ARENA GRUESA | G4: OTROS | H4: PPP-877
A5: 5 | B5: CISTERNA AGUA | G5: OTROS | H5: KKK-888
A6: 6 | B6: PIEDRA 1/2"
A7: 7
A8: 8
A9: 9
A10: 10
A11: 11
A12: 12
A13: 13
A14: 14
A15: 15 | L15: 918481246
A16: 16
A17: 17
A18: 18
A19: 19
A20: 20
A21: 21
A22: 22
